Workbook

Sheet Hoja2
A1: orderIdentifier | B1: orderType | C1: vendor.organizationIdentifier | D1: buyer.organizationIdentifier | E1: shipFromInstructionLocation.locationIdentifier | F1: shipToLocation.locationIdentifier | G1: orderStatus | H1: createdDate | I1: requestedShipDate | J1: requestedDeliveryDate | K1: plannedShipDate | L1: plannedDeliveryDate | M1: quantity | N1: quantityUnits | O1: totalValue | P1: orderValueCurrency | Q1: lineCount | R1: totalShippedQuantity | S1: exclude | T1: sourceLink | U1: precio_unitario | V1: precio_unitario_iva
A2: 1000567495 | B2: INBOUND | C2: F & M | D2: LightTree | E2: F & M - Columbus | F2: LT-2 | H2: 2021-06-16T00:00:00 | I2: 2021-06-23T00:00:00 | J2: 2021-06-27T00:00:00 | K2: 2021-06-23T00:00:00 | L2: 2021-06-27T00:00:00 | M2: 124 | N2: EA | O2: 6200 | P2: USD | Q2: 1 | T2: http://lighttree.com/1000567495 | U2: 50 | V2: 59.5
A3: 1000567490 | B3: INBOUND | C3: Luminar | D3: LightTree | E3: Luminar - Palm Beach Gardens | F3: LT-2 | H3: 2021-06-16T00:00:00 | I3: 2021-06-23T00:00:00 | J3: 2021-06-27T00:00:00 | K3: 2021-06-23T00:00:00 | L3: 2021-06-27T00:00:00 | M3: 124 | N3: EA | O3: 117800 | P3: USD | Q3: 1 | T3: http://lighttree.com/1000567490 | U3: 950 | V3: 1130.5
A4: 1000567484 | B4: INBOUND | C4: Flexilux | D4: LightTree | E4: Flexilux - Worcester | F4: LT-2 | H4: 2021-06-16T00:00:00 | I4: 2021-06-23T00:00:00 | J4: 2021-06-27T00:00:00 | K4: 2021-06-23T00:00:00 | L4: 2021-06-27T00:00:00 | M4: 124 | N4: EA | O4: 569408 | P4: USD | Q4: 1 | T4: http://lighttree.com/1000567484 | U4: 4592 | V4: 5464.48
A5: 1000567483 | B5: INBOUND | C5: Brewers | D5: LightTree | E5: Brewers - Phoenix | F5: LT-2 | H5: 2021-06-16T00:00:00 | I5: 2021-06-23T00:00:00 | J5: 2021-06-27T00:00:00 | K5: 2021-06-23T00:00:00 | L5: 2021-06-27T00:00:00 | M5: 124 | N5: EA | O5: 159588 | P5: USD | Q5: 1 | T5: http://lighttree.com/1000567483 | U5: 1287 | V5: 1531.53
A6: 1000567481 | B6: INBOUND | C6: McGrey | D6: LightTree | E6: McGrey - Mt Sterling | F6: LT-2 | H6: 2021-06-16T00:00:00 | I6: 2021-06-23T00:00:00 | J6: 2021-06-27T00:00:00 | K6: 2021-06-23T00:00:00 | L6: 2021-06-27T00:00:00 | M6: 320 | N6: EA | O6: 316800 | P6: USD | Q6: 1 | T6: http://lighttree.com/1000567481 | U6: 990 | V6: 1178.1
A7: 1000567478 | B7: INBOUND | C7: Total Source | D7: LightTree | E7: Total Source - Waukesha | F7: LT-2 | H7: 2021-06-16T00:00:00 | I7: 2021-06-23T00:00:00 | J7: 2021-06-27T00:00:00 | K7: 2021-06-23T00:00:00 | L7: 2021-06-27T00:00:00 | M7: 320 | N7: EA | O7: 312320 | P7: USD | Q7: 1 | T7: http://lighttree.com/1000567478 | U7: 976 | V7: 1161.44
A8: 1000567477 | B8: INBOUND | C8: Hardy | D8: LightTree | E8: Hardy - Salina | F8: LT-2 | H8: 2021-06-16T00:00:00 | I8: 2021-06-23T00:00:00 | J8: 2021-06-27T00:00:00 | K8: 2021-06-23T00:00:00 | L8: 2021-06-27T00:00:00 | M8: 320 | N8: EA | O8: 7680 | P8: USD | Q8: 1 | T8: http://lighttree.com/1000567477 | U8: 24 | V8: 28.56
A9: 1000567476 | B9: INBOUND | C9: EM | D9: LightTree | E9: EM - Hemphill | F9: LT-2 | H9: 2021-06-16T00:00:00 | I9: 2021-06-23T00:00:00 | J9: 2021-06-27T00:00:00 | K9: 2021-06-23T00:00:00 | L9: 2021-06-27T00:00:00 | M9: 320 | N9: EA | O9: 6080 | P9: USD | Q9: 1 | T9: http://lighttree.com/1000567476 | U9: 19 | V9: 22.61
A10: 1000567473 | B10: INBOUND | C10: McGrey | D10: LightTree | E10: McGrey - Mt Sterling | F10: LT-2 | H10: 2021-06-16T00:00:00 | I10: 2021-06-23T00:00:00 | J10: 2021-06-27T00:00:00 | K10: 2021-06-23T00:00:00 | L10: 2021-06-27T00:00:00 | M10: 124 | N10: EA | O10: 180048 | P10: USD | Q10: 1 | T10: http://lighttree.com/1000567473 | U10: 1452 | V10: 1727.88
A11: 1000567468 | B11: INBOUND | C11: Mueller | D11: LightTree | E11: Mueller - Pittsburgh | F11: LT-2 | H11: 2021-06-16T00:00:00 | I11: 2021-06-23T00:00:00 | J11: 2021-06-27T00:00:00 | K11: 2021-06-23T00:00:00 | L11: 2021-06-27T00:00:00 | M11: 320 | N11: EA | O11: 131840 | P11: USD | Q11: 1 | T11: http://lighttree.com/1000567468 | U11: 412 | V11: 490.28
A12: 1000567464 | B12: INBOUND | C12: Thermal | D12: LightTree | E12: Thermal - Cincinnati | F12: LT-2 | H12: 2021-06-16T00:00:00 | I12: 2021-06-23T00:00:00 | J12: 2021-06-27T00:00:00 | K12: 2021-06-23T00:00:00 | L12: 2021-06-27T00:00:00 | M12: 320 | N12: EA | O12: 17600 | P12: USD | Q12: 1 | T12: http://lighttree.com/1000567464 | U12: 55 | V12: 65.45
A13: 1000567461 | B13: INBOUND | C13: Thermal | D13: LightTree | E13: Thermal - Cincinnati | F13: LT-2 | H13: 2021-06-16T00:00:00 | I13: 2021-06-23T00:00:00 | J13: 2021-06-27T00:00:00 | K13: 2021-06-23T00:00:00 | L13: 2021-06-27T00:00:00 | M13: 320 | N13: EA | O13: 17600 | P13: USD | Q13: 1 | T13: http://lighttree.com/1000567461 | U13: 55 | V13: 65.45
... A35: 1000567213 | B35: INBOUND | C35: Interalloy | D35: LightTree | E35: Interalloy - Bozeman | F35: LT-1 | H35: 2021-07-08T00:00:00 | I35: 2021-07-15T00:00:00 | J35: 2021-07-19T00:00:00 | K35: 2021-07-15T00:00:00 | L35: 2021-07-19T00:00:00 | M35: 56 | N35: EA | O35: 168 | P35: USD | Q35: 1 | T35: http://lighttree.com/1000567213 | U35: 3 | V35: 3.57
A36: 1000567215 | B36: INBOUND | C36: Alumi-lux | D36: LightTree | E36: Alumi-lux - Nashua | F36: LT-1 | H36: 2021-07-15T00:00:00 | I36: 2021-07-22T00:00:00 | J36: 2021-07-26T00:00:00 | K36: 2021-07-26T00:00:00 | M36: 44 | N36: EA | O36: 20020 | P36: USD | Q36: 1 | T36: http://lighttree.com/1000567215 | U36: 455 | V36: 541.45
A37: 1000567217 | B37: INBOUND | C37: EM | D37: LightTree | E37: EM - Hemphill | F37: LT-1 | H37: 2021-07-15T00:00:00 | I37: 2021-07-22T00:00:00 | J37: 2021-07-26T00:00:00 | K37: 2021-07-24T00:00:00 | M37: 44 | N37: EA | O37: 836 | P37: USD | Q37: 1 | T37: http://lighttree.com/1000567217 | U37: 19 | V37: 22.61
A38: 1000567229 | B38: INBOUND | C38: Thermal | D38: LightTree | E38: Thermal - Cincinnati | F38: LT-1 | H38: 2021-06-16T00:00:00 | I38: 2021-06-23T00:00:00 | J38: 2021-06-27T00:00:00 | K38: 2021-06-23T00:00:00 | L38: 2021-06-27T00:00:00 | M38: 124 | N38: EA | O38: 6820 | P38: USD | Q38: 1 | T38: http://lighttree.com/1000567229 | U38: 55 | V38: 65.45
A39: 1000567234 | B39: INBOUND | C39: Amos | D39: LightTree | E39: Amos - Philadelphia | F39: LT-1 | H39: 2021-07-15T00:00:00 | I39: 2021-07-22T00:00:00 | J39: 2021-07-26T00:00:00 | K39: 2021-07-22T00:00:00 | M39: 44 | N39: EA | O39: 2420 | P39: USD | Q39: 1 | T39: http://lighttree.com/1000567234 | U39: 55 | V39: 65.45
A40: 1000567240 | B40: INBOUND | C40: Interalloy | D40: LightTree | E40: Interalloy - Bozeman | F40: LT-1 | H40: 2021-07-15T00:00:00 | I40: 2021-07-22T00:00:00 | J40: 2021-07-26T00:00:00 | K40: 2021-07-24T00:00:00 | M40: 44 | N40: EA | O40: 220 | P40: USD | Q40: 1 | T40: http://lighttree.com/1000567240 | U40: 5 | V40: 5.95
A41: 1000567241 | B41: INBOUND | C41: Amos | D41: LightTree | E41: Amos - Philadelphia | F41: LT-1 | H41: 2021-07-08T00:00:00 | I41: 2021-07-15T00:00:00 | J41: 2021-07-19T00:00:00 | K41: 2021-07-15T00:00:00 | L41: 2021-07-19T00:00:00 | M41: 56 | N41: EA | O41: 3080 | P41: USD | Q41: 1 | T41: http://lighttree.com/1000567241 | U41: 55 | V41: 65.45
A42: 1000567244 | B42: INBOUND | C42: EM | D42: LightTree | E42: EM - Hemphill | F42: LT-1 | H42: 2021-07-08T00:00:00 | I42: 2021-07-15T00:00:00 | J42: 2021-07-19T00:00:00 | K42: 2021-07-15T00:00:00 | L42: 2021-07-19T00:00:00 | M42: 56 | N42: EA | O42: 1064 | P42: USD | Q42: 1 | T42: http://lighttree.com/1000567244 | U42: 19 | V42: 22.61
A43: 1000567248 | B43: INBOUND | C43: SA | D43: LightTree | E43: SA - Loretto | F43: LT-1 | H43: 2021-06-16T00:00:00 | I43: 2021-06-23T00:00:00 | J43: 2021-06-27T00:00:00 | K43: 2021-06-23T00:00:00 | L43: 2021-06-27T00:00:00 | M43: 512 | N43: EA | O43: 179200 | P43: USD | Q43: 1 | T43: http://lighttree.com/1000567248 | U43: 350 | V43: 416.5
A44: 1000567251 | B44: INBOUND | C44: SilverOptics | D44: LightTree | E44: SilverOptics - Dover | F44: LT-1 | H44: 2021-07-15T00:00:00 | I44: 2021-07-22T00:00:00 | J44: 2021-07-26T00:00:00 | M44: 44 | N44: EA | O44: 4752 | P44: USD | Q44: 1 | T44: http://lighttree.com/1000567251 | U44: 108 | V44: 128.52
A45: 1000567254 | B45: INBOUND | C45: Brewers | D45: LightTree | E45: Brewers - Phoenix | F45: LT-1 | H45: 2021-06-16T00:00:00 | I45: 2021-06-23T00:00:00 | J45: 2021-06-27T00:00:00 | K45: 2021-06-23T00:00:00 | L45: 2021-06-27T00:00:00 | M45: 512 | N45: EA | O45: 745472 | P45: USD | Q45: 1 | T45: http://lighttree.com/1000567254 | U45: 1456 | V45: 1732.64
A46: 1000567255 | B46: INBOUND | C46: Ripley | D46: LightTree | E46: Ripley - Trenton | F46: LT-1 | H46: 2021-07-08T00:00:00 | I46: 2021-07-15T00:00:00 | J46: 2021-07-19T00:00:00 | K46: 2021-07-15T00:00:00 | L46: 2021-07-19T00:00:00 | M46: 56 | N46: EA | O46: 17920 | P46: USD | Q46: 1 | T46: http://lighttree.com/1000567255 | U46: 320 | V46: 380.8
A47: 1000567262 | B47: INBOUND | C47: Interalloy | D47: LightTree | E47: Interalloy - Bozeman | F47: LT-1 | H47: 2021-06-16T00:00:00 | I47: 2021-06-23T00:00:00 | J47: 2021-06-27T00:00:00 | K47: 2021-06-23T00:00:00 | L47: 2021-06-27T00:00:00 | M47: 512 | N47: EA | O47: 2560 | P47: USD | Q47: 1 | T47: http://lighttree.com/1000567262 | U47: 5 | V47: 5.95
A48: 1000567264 | B48: INBOUND | C48: Ripley | D48: LightTree | E48: Ripley - Trenton | F48: LT-1 | H48: 2021-07-15T00:00:00 | I48: 2021-07-22T00:00:00 | J48: 2021-07-26T00:00:00 | M48: 44 | N48: EA | O48: 15400 | P48: USD | Q48: 1 | T48: http://lighttree.com/1000567264 | U48: 350 | V48: 416.5
A49: 1000567268 | B49: INBOUND | C49: EM | D49: LightTree | E49: EM - Hemphill | F49: LT-1 | H49: 2021-06-16T00:00:00 | I49: 2021-06-23T00:00:00 | J49: 2021-06-27T00:00:00 | K49: 2021-06-23T00:00:00 | L49: 2021-06-27T00:00:00 | M49: 512 | N49: EA | O49: 9728 | P49: USD | Q49: 1 | T49: http://lighttree.com/1000567268 | U49: 19 | V49: 22.61
A50: 1000567286 | B50: INBOUND | C50: Brewers | D50: LightTree | E50: Brewers - Phoenix | F50: LT-1 | H50: 2021-07-15T00:00:00 | I50: 2021-07-22T00:00:00 | J50: 2021-07-26T00:00:00 | K50: 2021-07-22T00:00:00 | M50: 44 | N50: EA | O50: 56628 | P50: USD | Q50: 1 | T50: http://lighttree.com/1000567286 | U50: 1287 | V50: 1531.53
A51: 1000567287 | B51: INBOUND | C51: Mueller | D51: LightTree | E51: Mueller - Pittsburgh | F51: LT-1 | H51: 2021-06-16T00:00:00 | I51: 2021-06-23T00:00:00 | J51: 2021-06-27T00:00:00 | K51: 2021-06-23T00:00:00 | L51: 2021-06-27T00:00:00 | M51: 512 | N51: EA | O51: 210944 | P51: USD | Q51: 1 | T51: http://lighttree.com/1000567287 | U51: 412 | V51: 490.28
A52: 1000567294 | B52: INBOUND | C52: Alumi-lux | D52: LightTree | E52: Alumi-lux - Nashua | F52: LT-1 | H52: 2021-06-29T00:00:00 | I52: 2021-07-06T00:00:00 | J52: 2021-07-10T00:00:00 | K52: 2021-07-10T00:00:00 | L52: 2021-07-14T00:00:00 | M52: 75 | N52: EA | O52: 34125 | P52: USD | Q52: 1 | T52: http://lighttree.com/1000567294 | U52: 455 | V52: 541.45
A53: 1000567306 | B53: INBOUND | C53: Interalloy | D53: LightTree | E53: Interalloy - Bozeman | F53: LT-1 | H53: 2021-06-16T00:00:00 | I53: 2021-06-23T00:00:00 | J53: 2021-06-27T00:00:00 | K53: 2021-06-23T00:00:00 | L53: 2021-06-27T00:00:00 | M53: 512 | N53: EA | O53: 1536 | P53: USD | Q53: 1 | T53: http://lighttree.com/1000567306 | U53: 3 | V53: 3.57
A54: 1000567310 | B54: INBOUND | C54: F & M | D54: LightTree | E54: F & M - Columbus | F54: LT-1 | H54: 2021-07-08T00:00:00 | I54: 2021-07-15T00:00:00 | J54: 2021-07-19T00:00:00 | K54: 2021-07-15T00:00:00 | L54: 2021-07-19T00:00:00 | M54: 56 | N54: EA | O54: 2800 | P54: USD | Q54: 1 | T54: http://lighttree.com/1000567310 | U54: 50 | V54: 59.5
A55: 1000567311 | B55: INBOUND | C55: Hardy | D55: LightTree | E55: Hardy - Salina | F55: LT-1 | H55: 2021-06-29T00:00:00 | I55: 2021-07-06T00:00:00 | J55: 2021-07-10T00:00:00 | K55: 2021-07-06T00:00:00 | L55: 2021-07-10T00:00:00 | M55: 75 | N55: EA | O55: 1800 | P55: USD | Q55: 1 | T55: http://lighttree.com/1000567311 | U55: 24 | V55: 28.56
A56: 1000567313 | B56: INBOUND | C56: F & M | D56: LightTree | E56: F & M - Columbus | F56: LT-1 | H56: 2021-06-16T00:00:00 | I56: 2021-06-23T00:00:00 | J56: 2021-06-27T00:00:00 | K56: 2021-06-23T00:00:00 | L56: 2021-06-27T00:00:00 | M56: 512 | N56: EA | O56: 25600 | P56: USD | Q56: 1 | T56: http://lighttree.com/1000567313 | U56: 50 | V56: 59.5
A57: 1000567318 | B57: INBOUND | C57: Interalloy | D57: LightTree | E57: Interalloy - Bozeman | F57: LT-1 | H57: 2021-07-08T00:00:00 | I57: 2021-07-15T00:00:00 | J57: 2021-07-19T00:00:00 | K57: 2021-07-15T00:00:00 | L57: 2021-07-19T00:00:00 | M57: 56 | N57: EA | O57: 280 | P57: USD | Q57: 1 | T57: http://lighttree.com/1000567318 | U57: 5 | V57: 5.95
A58: 1000567320 | B58: INBOUND | C58: Brewers | D58: LightTree | E58: Brewers - Phoenix | F58: LT-1 | H58: 2021-07-08T00:00:00 | I58: 2021-07-15T00:00:00 | J58: 2021-07-19T00:00:00 | K58: 2021-07-15T00:00:00 | L58: 2021-07-19T00:00:00 | M58: 56 | N58: EA | O58: 81536 | P58: USD | Q58: 1 | T58: http://lighttree.com/1000567320 | U58: 1456 | V58: 1732.64
A59: 1000567323 | B59: INBOUND | C59: R&J | D59: LightTree | E59: R&J - Vancouver | F59: LT-1 | H59: 2021-06-29T00:00:00 | I59: 2021-07-06T00:00:00 | J59: 2021-07-10T00:00:00 | K59: 2021-07-06T00:00:00 | L59: 2021-07-10T00:00:00 | M59: 75 | N59: EA | O59: 58050 | P59: USD | Q59: 1 | T59: http://lighttree.com/1000567323 | U59: 774 | V59: 921.06
A60: 1000567324 | B60: INBOUND | C60: McGrey | D60: LightTree | E60: McGrey - Mt Sterling | F60: LT-1 | H60: 2021-06-29T00:00:00 | I60: 2021-07-06T00:00:00 | J60: 2021-07-10T00:00:00 | K60: 2021-07-06T00:00:00 | L60: 2021-07-10T00:00:00 | M60: 75 | N60: EA | O60: 96750 | P60: USD | Q60: 1 | T60: http://lighttree.com/1000567324 | U60: 1290 | V60: 1535.1
A61: 1000567325 | B61: INBOUND | C61: Ripley | D61: LightTree | E61: Ripley - Trenton | F61: LT-1 | H61: 2021-06-16T00:00:00 | I61: 2021-06-23T00:00:00 | J61: 2021-06-27T00:00:00 | K61: 2021-06-23T00:00:00 | L61: 2021-06-27T00:00:00 | M61: 512 | N61: EA | O61: 163840 | P61: USD | Q61: 1 | T61: http://lighttree.com/1000567325 | U61: 320 | V61: 380.8
A62: 1000567326 | B62: INBOUND | C62: Mueller | D62: LightTree | E62: Mueller - Pittsburgh | F62: LT-1 | H62: 2021-06-29T00:00:00 | I62: 2021-07-06T00:00:00 | J62: 2021-07-10T00:00:00 | K62: 2021-07-06T00:00:00 | L62: 2021-07-10T00:00:00 | M62: 75 | N62: EA | O62: 30900 | P62: USD | Q62: 1 | T62: http://lighttree.com/1000567326 | U62: 412 | V62: 490.28
... A69: 1000567349 | B69: INBOUND | C69: Mueller | D69: LightTree | E69: Mueller - Pittsburgh | F69: LT-1 | H69: 2021-06-29T00:00:00 | I69: 2021-07-06T00:00:00 | J69: 2021-07-10T00:00:00 | K69: 2021-07-06T00:00:00 | L69: 2021-07-10T00:00:00 | M69: 75 | N69: EA | O69: 31650 | P69: USD | Q69: 1 | T69: http://lighttree.com/1000567349 | U69: 422 | V69: 502.18
A70: 1000567350 | B70: INBOUND | C70: Flexilux | D70: LightTree | E70: Flexilux - Worcester | F70: LT-1 | H70: 2021-07-15T00:00:00 | I70: 2021-07-22T00:00:00 | J70: 2021-07-26T00:00:00 | K70: 2021-07-22T00:00:00 | M70: 44 | N70: EA | O70: 103356 | P70: USD | Q70: 1 | T70: http://lighttree.com/1000567350 | U70: 2349 | V70: 2795.31
A71: 1000567353 | B71: INBOUND | C71: Mueller | D71: LightTree | E71: Mueller - Pittsburgh | F71: LT-1 | H71: 2021-07-15T00:00:00 | I71: 2021-07-22T00:00:00 | J71: 2021-07-26T00:00:00 | K71: 2021-07-22T00:00:00 | M71: 44 | N71: EA | O71: 18568 | P71: USD | Q71: 1 | T71: http://lighttree.com/1000567353 | U71: 422 | V71: 502.18
A72: 1000567356 | B72: INBOUND | C72: Gemini | D72: LightTree | E72: Gemini - Dallas | F72: LT-1 | H72: 2021-07-08T00:00:00 | I72: 2021-07-15T00:00:00 | J72: 2021-07-19T00:00:00 | K72: 2021-07-15T00:00:00 | L72: 2021-07-19T00:00:00 | M72: 56 | N72: EA | O72: 6832 | P72: USD | Q72: 1 | T72: http://lighttree.com/1000567356 | U72: 122 | V72: 145.18
A73: 1000567363 | B73: INBOUND | C73: LightLens | D73: LightTree | E73: LightLens - Ipswich | F73: LT-1 | H73: 2021-07-15T00:00:00 | I73: 2021-07-22T00:00:00 | J73: 2021-07-26T00:00:00 | K73: 2021-07-22T00:00:00 | M73: 44 | N73: EA | O73: 8932 | P73: USD | Q73: 1 | T73: http://lighttree.com/1000567363 | U73: 203 | V73: 241.57
A74: 1000567365 | B74: INBOUND | C74: F & M | D74: LightTree | E74: F & M - Columbus | F74: LT-1 | H74: 2021-06-29T00:00:00 | I74: 2021-07-06T00:00:00 | J74: 2021-07-10T00:00:00 | K74: 2021-07-06T00:00:00 | L74: 2021-07-10T00:00:00 | M74: 75 | N74: EA | O74: 3750 | P74: USD | Q74: 1 | T74: http://lighttree.com/1000567365 | U74: 50 | V74: 59.5
A75: 1000567367 | B75: INBOUND | C75: Interalloy | D75: LightTree | E75: Interalloy - Bozeman | F75: LT-1 | H75: 2021-06-29T00:00:00 | I75: 2021-07-06T00:00:00 | J75: 2021-07-10T00:00:00 | K75: 2021-07-06T00:00:00 | L75: 2021-07-10T00:00:00 | M75: 75 | N75: EA | O75: 375 | P75: USD | Q75: 1 | T75: http://lighttree.com/1000567367 | U75: 5 | V75: 5.95
A76: 1000567369 | B76: INBOUND | C76: Flexilux | D76: LightTree | E76: Flexilux - Worcester | F76: LT-1 | H76: 2021-06-29T00:00:00 | I76: 2021-07-06T00:00:00 | J76: 2021-07-10T00:00:00 | K76: 2021-07-06T00:00:00 | L76: 2021-07-10T00:00:00 | M76: 75 | N76: EA | O76: 176175 | P76: USD | Q76: 1 | T76: http://lighttree.com/1000567369 | U76: 2349 | V76: 2795.31
A77: 1000567370 | B77: INBOUND | C77: SilverOptics | D77: LightTree | E77: SilverOptics - Dover | F77: LT-1 | H77: 2021-07-08T00:00:00 | I77: 2021-07-15T00:00:00 | J77: 2021-07-19T00:00:00 | K77: 2021-07-15T00:00:00 | L77: 2021-07-19T00:00:00 | M77: 56 | N77: EA | O77: 5320 | P77: USD | Q77: 1 | T77: http://lighttree.com/1000567370 | U77: 95 | V77: 113.05
A78: 1000567371 | B78: INBOUND | C78: Mueller | D78: LightTree | E78: Mueller - Pittsburgh | F78: LT-1 | H78: 2021-06-16T00:00:00 | I78: 2021-06-23T00:00:00 | J78: 2021-06-27T00:00:00 | K78: 2021-06-23T00:00:00 | L78: 2021-06-27T00:00:00 | M78: 124 | N78: EA | O78: 52328 | P78: USD | Q78: 1 | T78: http://lighttree.com/1000567371 | U78: 422 | V78: 502.18
A79: 1000567382 | B79: INBOUND | C79: LightLens | D79: LightTree | E79: LightLens - Ipswich | F79: LT-1 | H79: 2021-06-29T00:00:00 | I79: 2021-07-06T00:00:00 | J79: 2021-07-10T00:00:00 | K79: 2021-07-06T00:00:00 | L79: 2021-07-10T00:00:00 | M79: 75 | N79: EA | O79: 15225 | P79: USD | Q79: 1 | T79: http://lighttree.com/1000567382 | U79: 203 | V79: 241.57
A80: 1000567388 | B80: INBOUND | C80: Total Source | D80: LightTree | E80: Total Source - Waukesha | F80: LT-1 | H80: 2021-06-16T00:00:00 | I80: 2021-06-23T00:00:00 | J80: 2021-06-27T00:00:00 | K80: 2021-06-23T00:00:00 | L80: 2021-06-27T00:00:00 | M80: 512 | N80: EA | O80: 528384 | P80: USD | Q80: 1 | T80: http://lighttree.com/1000567388 | U80: 1032 | V80: 1228.08
A81: 1000567391 | B81: INBOUND | C81: LightLens | D81: LightTree | E81: LightLens - Ipswich | F81: LT-1 | H81: 2021-07-08T00:00:00 | I81: 2021-07-15T00:00:00 | J81: 2021-07-19T00:00:00 | K81: 2021-07-15T00:00:00 | L81: 2021-07-25T00:00:00 | M81: 56 | N81: EA | O81: 10640 | P81: USD | Q81: 1 | T81: http://lighttree.com/1000567391 | U81: 190 | V81: 226.1
A82: 1000567394 | B82: INBOUND | C82: EM | D82: LightTree | E82: EM - Hemphill | F82: LT-1 | H82: 2021-06-29T00:00:00 | I82: 2021-07-06T00:00:00 | J82: 2021-07-10T00:00:00 | K82: 2021-07-06T00:00:00 | L82: 2021-07-10T00:00:00 | M82: 75 | N82: EA | O82: 1425 | P82: USD | Q82: 1 | T82: http://lighttree.com/1000567394 | U82: 19 | V82: 22.61
A83: 1000567402 | B83: INBOUND | C83: Alumi-lux | D83: LightTree | E83: Alumi-lux - Nashua | F83: LT-1 | H83: 2021-06-16T00:00:00 | I83: 2021-06-23T00:00:00 | J83: 2021-06-27T00:00:00 | K83: 2021-06-23T00:00:00 | L83: 2021-06-27T00:00:00 | M83: 512 | N83: EA | O83: 232960 | P83: USD | Q83: 1 | T83: http://lighttree.com/1000567402 | U83: 455 | V83: 541.45
A84: 1000567403 | B84: INBOUND | C84: Mueller | D84: LightTree | E84: Mueller - Pittsburgh | F84: LT-1 | H84: 2021-07-15T00:00:00 | I84: 2021-07-22T00:00:00 | J84: 2021-07-26T00:00:00 | K84: 2021-07-22T00:00:00 | M84: 44 | N84: EA | O84: 18128 | P84: USD | Q84: 1 | T84: http://lighttree.com/1000567403 | U84: 412 | V84: 490.28
A85: 1000567407 | B85: INBOUND | C85: Gemini | D85: LightTree | E85: Gemini - Dallas | F85: LT-1 | H85: 2021-06-16T00:00:00 | I85: 2021-06-23T00:00:00 | J85: 2021-06-27T00:00:00 | K85: 2021-06-23T00:00:00 | L85: 2021-06-27T00:00:00 | M85: 512 | N85: EA | O85: 62464 | P85: USD | Q85: 1 | T85: http://lighttree.com/1000567407 | U85: 122 | V85: 145.18
A86: 1000567409 | B86: INBOUND | C86: Total Source | D86: LightTree | E86: Total Source - Waukesha | F86: LT-1 | H86: 2021-07-08T00:00:00 | I86: 2021-07-15T00:00:00 | J86: 2021-07-19T00:00:00 | K86: 2021-07-15T00:00:00 | L86: 2021-07-19T00:00:00 | M86: 56 | N86: EA | O86: 57792 | P86: USD | Q86: 1 | T86: http://lighttree.com/1000567409 | U86: 1032 | V86: 1228.08
A87: 1000567411 | B87: INBOUND | C87: Interalloy | D87: LightTree | E87: Interalloy - Bozeman | F87: LT-1 | H87: 2021-07-15T00:00:00 | I87: 2021-07-22T00:00:00 | J87: 2021-07-26T00:00:00 | K87: 2021-07-24T00:00:00 | M87: 44 | N87: EA | O87: 132 | P87: USD | Q87: 1 | T87: http://lighttree.com/1000567411 | U87: 3 | V87: 3.57
A88: 1000567414 | B88: INBOUND | C88: Amos | D88: LightTree | E88: Amos - Philadelphia | F88: LT-1 | H88: 2021-06-29T00:00:00 | I88: 2021-07-06T00:00:00 | J88: 2021-07-10T00:00:00 | K88: 2021-07-06T00:00:00 | L88: 2021-07-10T00:00:00 | M88: 75 | N88: EA | O88: 4125 | P88: USD | Q88: 1 | T88: http://lighttree.com/1000567414 | U88: 55 | V88: 65.45
A89: 1000567418 | B89: INBOUND | C89: Alumi-lux | D89: LightTree | E89: Alumi-lux - Nashua | F89: LT-1 | H89: 2021-06-16T00:00:00 | I89: 2021-06-23T00:00:00 | J89: 2021-06-27T00:00:00 | K89: 2021-06-23T00:00:00 | L89: 2021-06-27T00:00:00 | M89: 124 | N89: EA | O89: 56420 | P89: USD | Q89: 1 | T89: http://lighttree.com/1000567418 | U89: 455 | V89: 541.45
A90: 1000567420 | B90: INBOUND | C90: Gemini | D90: LightTree | E90: Gemini - Dallas | F90: LT-1 | H90: 2021-06-29T00:00:00 | I90: 2021-07-06T00:00:00 | J90: 2021-07-10T00:00:00 | K90: 2021-07-06T00:00:00 | L90: 2021-07-10T00:00:00 | M90: 75 | N90: EA | O90: 9150 | P90: USD | Q90: 1 | T90: http://lighttree.com/1000567420 | U90: 122 | V90: 145.18
A91: 1000567421 | B91: INBOUND | C91: RLP | D91: LightTree | E91: RLP - Troy | F91: LT-1 | H91: 2021-06-16T00:00:00 | I91: 2021-06-23T00:00:00 | J91: 2021-06-27T00:00:00 | K91: 2021-06-23T00:00:00 | L91: 2021-06-27T00:00:00 | M91: 512 | N91: EA | O91: 57344 | P91: USD | Q91: 1 | T91: http://lighttree.com/1000567421 | U91: 112 | V91: 133.28
A92: 1000567422 | B92: INBOUND | C92: Flexilux | D92: LightTree | E92: Flexilux - Worcester | F92: LT-1 | H92: 2021-06-16T00:00:00 | I92: 2021-06-23T00:00:00 | J92: 2021-06-27T00:00:00 | K92: 2021-06-23T00:00:00 | L92: 2021-06-27T00:00:00 | M92: 512 | N92: EA | O92: 1227776 | P92: USD | Q92: 1 | T92: http://lighttree.com/1000567422 | U92: 2398 | V92: 2853.62
A93: 1000567429 | B93: INBOUND | C93: R&J | D93: LightTree | E93: R&J - Vancouver | F93: LT-1 | H93: 2021-07-15T00:00:00 | I93: 2021-07-22T00:00:00 | J93: 2021-07-26T00:00:00 | K93: 2021-07-22T00:00:00 | M93: 44 | N93: EA | O93: 34056 | P93: USD | Q93: 1 | T93: http://lighttree.com/1000567429 | U93: 774 | V93: 921.06
A94: 1000567432 | B94: INBOUND | C94: Interalloy | D94: LightTree | E94: Interalloy - Bozeman | F94: LT-1 | H94: 2021-06-29T00:00:00 | I94: 2021-07-06T00:00:00 | J94: 2021-07-10T00:00:00 | K94: 2021-07-06T00:00:00 | L94: 2021-07-10T00:00:00 | M94: 75 | N94: EA | O94: 225 | P94: USD | Q94: 1 | T94: http://lighttree.com/1000567432 | U94: 3 | V94: 3.57
A95: 1000567434 | B95: INBOUND | C95: Amos | D95: LightTree | E95: Amos - Philadelphia | F95: LT-1 | H95: 2021-06-16T00:00:00 | I95: 2021-06-23T00:00:00 | J95: 2021-06-27T00:00:00 | K95: 2021-06-23T00:00:00 | L95: 2021-06-27T00:00:00 | M95: 124 | N95: EA | O95: 6820 | P95: USD | Q95: 1 | T95: http://lighttree.com/1000567434 | U95: 55 | V95: 65.45
A96: 1000567435 | B96: INBOUND | C96: F & M | D96: LightTree | E96: F & M - Columbus | F96: LT-1 | H96: 2021-07-15T00:00:00 | I96: 2021-07-22T00:00:00 | J96: 2021-07-26T00:00:00 | K96: 2021-07-22T00:00:00 | M96: 44 | N96: EA | O96: 2200 | P96: USD | Q96: 1 | T96: http://lighttree.com/1000567435 | U96: 50 | V96: 59.5
A97: 1000567437 | B97: INBOUND | C97: RLP | D97: LightTree | E97: RLP - Troy | F97: LT-1 | H97: 2021-07-08T00:00:00 | I97: 2021-07-15T00:00:00 | J97: 2021-07-19T00:00:00 | K97: 2021-07-15T00:00:00 | L97: 2021-07-19T00:00:00 | M97: 56 | N97: EA | O97: 6272 | P97: USD | Q97: 1 | T97: http://lighttree.com/1000567437 | U97: 112 | V97: 133.28
A98: 1000567443 | B98: INBOUND | C98: Total Source | D98: LightTree | E98: Total Source - Waukesha | F98: LT-1 | H98: 2021-06-29T00:00:00 | I98: 2021-07-06T00:00:00 | J98: 2021-07-10T00:00:00 | K98: 2021-07-06T00:00:00 | L98: 2021-07-10T00:00:00 | M98: 75 | N98: EA | O98: 62475 | P98: USD | Q98: 1 | T98: http://lighttree.com/1000567443 | U98: 833 | V98: 991.27
A99: 1000567446 | B99: INBOUND | C99: Interalloy | D99: LightTree | E99: Interalloy - Bozeman | F99: LT-1 | H99: 2021-06-16T00:00:00 | I99: 2021-06-23T00:00:00 | J99: 2021-06-27T00:00:00 | K99: 2021-06-23T00:00:00 | L99: 2021-06-27T00:00:00 | M99: 512 | N99: EA | O99: 1536 | P99: USD | Q99: 1 | T99: http://lighttree.com/1000567446 | U99: 3 | V99: 3.57
A100: 1000567448 | B100: INBOUND | C100: Amos | D100: LightTree | E100: Amos - Philadelphia | F100: LT-1 | H100: 2021-06-16T00:00:00 | I100: 2021-06-23T00:00:00 | J100: 2021-06-27T00:00:00 | K100: 2021-06-25T00:00:00 | L100: 2021-06-29T00:00:00 | M100: 512 | N100: EA | O100: 28160 | P100: USD | Q100: 1 | T100: http://lighttree.com/1000567448 | U100: 55 | V100: 65.45
A101: 1000567450 | B101: INBOUND | C101: Total Source | D101: LightTree | E101: Total Source - Waukesha | F101: LT-1 | H101: 2021-07-15T00:00:00 | I101: 2021-07-22T00:00:00 | J101: 2021-07-26T00:00:00 | K101: 2021-07-22T00:00:00 | M101: 44 | N101: EA | O101: 36652 | P101: USD | Q101: 1 | T101: http://lighttree.com/1000567450 | U101: 833 | V101: 991.27
A102: 1000567460 | B102: INBOUND | C102: Hardy | D102: LightTree | E102: Hardy - Salina | F102: LT-1 | H102: 2021-07-15T00:00:00 | I102: 2021-07-22T00:00:00 | J102: 2021-07-26T00:00:00 | K102: 2021-07-24T00:00:00 | M102: 44 | N102: EA | O102: 1056 | P102: USD | Q102: 1 | T102: http://lighttree.com/1000567460 | U102: 24 | V102: 28.56
A103: 1000567462 | B103: INBOUND | C103: Gemini | D103: LightTree | E103: Gemini - Dallas | F103: LT-1 | H103: 2021-07-15T00:00:00 | I103: 2021-07-22T00:00:00 | J103: 2021-07-26T00:00:00 | K103: 2021-07-22T00:00:00 | M103: 44 | N103: EA | O103: 5368 | P103: USD | Q103: 1 | T103: http://lighttree.com/1000567462 | U103: 122 | V103: 145.18
A104: 1000567463 | B104: INBOUND | C104: SilverOptics | D104: LightTree | E104: SilverOptics - Dover | F104: LT-1 | H104: 2021-06-29T00:00:00 | I104: 2021-07-06T00:00:00 | J104: 2021-07-10T00:00:00 | K104: 2021-07-06T00:00:00 | L104: 2021-07-10T00:00:00 | M104: 75 | N104: EA | O104: 8100 | P104: USD | Q104: 1 | T104: http://lighttree.com/1000567463 | U104: 108 | V104: 128.52
A105: 1000567467 | B105: INBOUND | C105: Hardy | D105: LightTree | E105: Hardy - Salina | F105: LT-1 | H105: 2021-06-16T00:00:00 | I105: 2021-06-23T00:00:00 | J105: 2021-06-27T00:00:00 | K105: 2021-06-23T00:00:00 | L105: 2021-06-27T00:00:00 | M105: 512 | N105: EA | O105: 12288 | P105: USD | Q105: 1 | T105: http://lighttree.com/1000567467 | U105: 24 | V105: 28.56
A106: 1000567470 | B106: INBOUND | C106: Interalloy | D106: LightTree | E106: Interalloy - Bozeman | F106: LT-1 | H106: 2021-07-08T00:00:00 | I106: 2021-07-15T00:00:00 | J106: 2021-07-19T00:00:00 | K106: 2021-07-15T00:00:00 | L106: 2021-07-19T00:00:00 | M106: 56 | N106: EA | O106: 168 | P106: USD | Q106: 1 | T106: http://lighttree.com/1000567470 | U106: 3 | V106: 3.57
A107: 1000567471 | B107: INBOUND | C107: McGrey | D107: LightTree | E107: McGrey - Mt Sterling | F107: LT-1 | H107: 2021-06-16T00:00:00 | I107: 2021-06-23T00:00:00 | J107: 2021-06-27T00:00:00 | K107: 2021-06-26T00:00:00 | L107: 2021-06-30T00:00:00 | M107: 512 | N107: EA | O107: 604160 | P107: USD | Q107: 1 | T107: http://lighttree.com/1000567471 | U107: 1180 | V107: 1404.2
A108: 1000567474 | B108: INBOUND | C108: Interalloy | D108: LightTree | E108: Interalloy - Bozeman | F108: LT-1 | H108: 2021-06-29T00:00:00 | I108: 2021-07-06T00:00:00 | J108: 2021-07-10T00:00:00 | K108: 2021-07-06T00:00:00 | L108: 2021-07-10T00:00:00 | M108: 75 | N108: EA | O108: 225 | P108: USD | Q108: 1 | T108: http://lighttree.com/1000567474 | U108: 3 | V108: 3.57
A109: 1000567475 | B109: INBOUND | C109: Ripley | D109: LightTree | E109: Ripley - Trenton | F109: LT-1 | H109: 2021-06-29T00:00:00 | I109: 2021-07-06T00:00:00 | J109: 2021-07-10T00:00:00 | K109: 2021-07-06T00:00:00 | L109: 2021-07-10T00:00:00 | M109: 75 | N109: EA | O109: 26250 | P109: USD | Q109: 1 | T109: http://lighttree.com/1000567475 | U109: 350 | V109: 416.5
A110: 1000567479 | B110: INBOUND | C110: SA | D110: LightTree | E110: SA - Loretto | F110: LT-1 | H110: 2021-07-08T00:00:00 | I110: 2021-07-15T00:00:00 | J110: 2021-07-19T00:00:00 | K110: 2021-07-15T00:00:00 | L110: 2021-07-19T00:00:00 | M110: 56 | N110: EA | O110: 19600 | P110: USD | Q110: 1 | T110: http://lighttree.com/1000567479 | U110: 350 | V110: 416.5
A111: 1000567482 | B111: INBOUND | C111: Hardy | D111: LightTree | E111: Hardy - Salina | F111: LT-1 | H111: 2021-07-08T00:00:00 | I111: 2021-07-15T00:00:00 | J111: 2021-07-19T00:00:00 | K111: 2021-07-16T00:00:00 | L111: 2021-07-18T00:00:00 | M111: 56 | N111: EA | O111: 1344 | P111: USD | Q111: 1 | T111: http://lighttree.com/1000567482 | U111: 24 | V111: 28.56
A112: 1000567486 | B112: INBOUND | C112: McGrey | D112: LightTree | E112: McGrey - Mt Sterling | F112: LT-1 | H112: 2021-07-15T00:00:00 | I112: 2021-07-22T00:00:00 | J112: 2021-07-26T00:00:00 | K112: 2021-07-22T00:00:00 | M112: 44 | N112: EA | O112: 56760 | P112: USD | Q112: 1 | T112: http://lighttree.com/1000567486 | U112: 1290 | V112: 1535.1
A113: 1000567494 | B113: INBOUND | C113: Ripley | D113: LightTree | E113: Ripley - Trenton | F113: LT-1 | H113: 2021-06-16T00:00:00 | I113: 2021-06-23T00:00:00 | J113: 2021-06-27T00:00:00 | K113: 2021-06-23T00:00:00 | L113: 2021-06-27T00:00:00 | M113: 124 | N113: EA | O113: 43400 | P113: USD | Q113: 1 | T113: http://lighttree.com/1000567494 | U113: 350 | V113: 416.5
A114: 1000567497 | B114: INBOUND | C114: Interalloy | D114: LightTree | E114: Interalloy - Bozeman | F114: LT-1 | H114: 2021-07-15T00:00:00 | I114: 2021-07-22T00:00:00 | J114: 2021-07-26T00:00:00 | K114: 2021-07-21T00:00:00 | M114: 44 | N114: EA | O114: 132 | P114: USD | Q114: 1 | T114: http://lighttree.com/1000567497 | U114: 3 | V114: 3.57
A115: 1000567500 | B115: INBOUND | C115: McGrey | D115: LightTree | E115: McGrey - Mt Sterling | F115: LT-1 | H115: 2021-07-08T00:00:00 | I115: 2021-07-15T00:00:00 | J115: 2021-07-19T00:00:00 | K115: 2021-07-15T00:00:00 | L115: 2021-07-19T00:00:00 | M115: 56 | N115: EA | O115: 66080 | P115: USD | Q115: 1 | T115: http://lighttree.com/1000567500 | U115: 1180 | V115: 1404.2
A116: 1000066000 | B116: INBOUND | C116: Total Source | D116: LightTree | E116: Total Source - Waukesha | F116: LT-2 | H116: 2021-07-01T00:00:00 | I116: 2021-08-04T00:00:00 | J116: 2021-08-07T00:00:00 | K116: 2021-08-04T00:00:00 | L116: 2021-08-07T00:00:00 | M116: 1400 | N116: EA | O116: 226800 | P116: USD | Q116: 4 | T116: http://lighttree.com/100055000 | U116: 162 | V116: 192.78
A117: 1000066001 | B117: INBOUND | C117: Total Source | D117: LightTree | E117: Total Source - Waukesha | F117: LT-2 | H117: 2021-07-01T00:00:00 | I117: 2021-08-14T00:00:00 | J117: 2021-08-17T00:00:00 | K117: 2021-08-14T00:00:00 | L117: 2021-08-17T00:00:00 | M117: 1400 | N117: EA | O117: 226800 | P117: USD | Q117: 4 | T117: http://lighttree.com/100055001 | U117: 162 | V117: 192.78
A118: 1000066002 | B118: INBOUND | C118: Total Source | D118: LightTree | E118: Total Source - Waukesha | F118: LT-2 | H118: 2021-07-01T00:00:00 | I118: 2021-08-24T00:00:00 | J118: 2021-08-27T00:00:00 | K118: 2021-08-24T00:00:00 | L118: 2021-08-27T00:00:00 | M118: 1400 | N118: EA | O118: 226800 | P118: USD | Q118: 4 | T118: http://lighttree.com/100055002 | U118: 162 | V118: 192.78
A119: 1000066003 | B119: INBOUND | C119: Total Source | D119: LightTree | E119: Total Source - Waukesha | F119: LT-2 | H119: 2021-07-01T00:00:00 | I119: 2021-09-03T00:00:00 | J119: 2021-09-06T00:00:00 | K119: 2021-09-04T00:00:00 | L119: 2021-09-07T00:00:00 | M119: 1400 | N119: EA | O119: 226800 | P119: USD | Q119: 4 | T119: http://lighttree.com/100055003 | U119: 162 | V119: 192.78
A120: 1000066004 | B120: INBOUND | C120: Total Source | D120: LightTree | E120: Total Source - Waukesha | F120: LT-2 | H120: 2021-07-01T00:00:00 | I120: 2021-09-13T00:00:00 | J120: 2021-09-16T00:00:00 | K120: 2021-09-09T00:00:00 | L120: 2021-09-12T00:00:00 | M120: 1400 | N120: EA | O120: 226800 | P120: USD | Q120: 4 | T120: http://lighttree.com/100055004 | U120: 162 | V120: 192.78
A121: 1000066005 | B121: INBOUND | C121: Total Source | D121: LightTree | E121: Total Source - Waukesha | F121: LT-2 | H121: 2021-07-01T00:00:00 | I121: 2021-09-23T00:00:00 | J121: 2021-09-26T00:00:00 | K121: 2021-09-23T00:00:00 | L121: 2021-09-26T00:00:00 | M121: 1400 | N121: EA | O121: 226800 | P121: USD | Q121: 4 | T121: http://lighttree.com/100055005 | U121: 162 | V121: 192.78
A122: 1000066006 | B122: INBOUND | C122: F & M | D122: LightTree | E122: F & M - Columbus | F122: LT-2 | H122: 2021-07-01T00:00:00 | I122: 2021-08-04T00:00:00 | J122: 2021-08-07T00:00:00 | K122: 2021-08-04T00:00:00 | L122: 2021-08-07T00:00:00 | M122: 1400 | N122: EA | O122: 109900 | P122: USD | Q122: 4 | T122: http://lighttree.com/100055006 | U122: 78.5 | V122: 93.415
A123: 1000066007 | B123: INBOUND | C123: F & M | D123: LightTree | E123: F & M - Columbus | F123: LT-2 | H123: 2021-07-01T00:00:00 | I123: 2021-08-14T00:00:00 | J123: 2021-08-17T00:00:00 | K123: 2021-08-14T00:00:00 | L123: 2021-08-17T00:00:00 | M123: 1400 | N123: EA | O123: 109900 | P123: USD | Q123: 4 | T123: http://lighttree.com/100055007 | U123: 78.5 | V123: 93.415
A124: 1000066008 | B124: INBOUND | C124: F & M | D124: LightTree | E124: F & M - Columbus | F124: LT-2 | H124: 2021-07-01T00:00:00 | I124: 2021-08-24T00:00:00 | J124: 2021-08-27T00:00:00 | K124: 2021-08-24T00:00:00 | L124: 2021-08-27T00:00:00 | M124: 1400 | N124: EA | O124: 109900 | P124: USD | Q124: 4 | T124: http://lighttree.com/100055008 | U124: 78.5 | V124: 93.415
A125: 1000066009 | B125: INBOUND | C125: F & M | D125: LightTree | E125: F & M - Columbus | F125: LT-2 | H125: 2021-07-01T00:00:00 | I125: 2021-09-03T00:00:00 | J125: 2021-09-06T00:00:00 | K125: 2021-09-04T00:00:00 | L125: 2021-09-07T00:00:00 | M125: 1400 | N125: EA | O125: 109900 | P125: USD | Q125: 4 | T125: http://lighttree.com/100055009 | U125: 78.5 | V125: 93.415
A126: 1000066010 | B126: INBOUND | C126: F & M | D126: LightTree | E126: F & M - Columbus | F126: LT-2 | H126: 2021-07-01T00:00:00 | I126: 2021-09-13T00:00:00 | J126: 2021-09-16T00:00:00 | K126: 2021-09-13T00:00:00 | L126: 2021-09-16T00:00:00 | M126: 1400 | N126: EA | O126: 109900 | P126: USD | Q126: 4 | T126: http://lighttree.com/100055010 | U126: 78.5 | V126: 93.415
... A169: 1000567378 | B169: INBOUND | C169: Interalloy | D169: LightTree | E169: Interalloy - Bozeman | F169: LT-2 | H169: 2021-06-16T00:00:00 | I169: 2021-06-23T00:00:00 | J169: 2021-06-27T00:00:00 | K169: 2021-06-23T00:00:00 | L169: 2021-06-27T00:00:00 | M169: 124 | N169: EA | O169: 620 | P169: USD | Q169: 1 | T169: http://lighttree.com/1000567378 | U169: 5 | V169: 5.95

Sheet Hoja1
A3: Etiquetas de fila | B3: Promedio de quantity | C3: Suma de totalValue
A4: INBOUND | B4: 283.41071 | C4: 17834508
A5: LightTree | B5: 283.41071 | C5: 17834508
A6: OUTBOUND | B6: 258.69565 | C6: 8476705
A7: AHTD | B7: 272.44444 | C7: 1570661
A8: CALTRAN | B8: 296.81818 | C8: 1555833
A9: COLA | B9: 111 | C9: 122802
A10: FAA | B10: 317.5 | C10: 1012637
A11: KYTC | B11: 133 | C11: 498750
A12: MAHD | B12: 99 | C12: 247500
A13: NYDOT | B13: 262.6 | C13: 1641250
A14: QPWD | B14: 349.71429 | C14: 1827272
A15: Total general | B15: 278.09813 | C15: 26311213

Sheet Ordenes
A1: orderIdentifier | B1: orderType | C1: vendor.organizationIdentifier | D1: buyer.organizationIdentifier | E1: PublicName | F1: shipFromInstructionLocation.locationIdentifier | G1: shipToLocation.locationIdentifier | H1: orderStatus | I1: createdDate | J1: requestedShipDate | K1: requestedDeliveryDate | L1: plannedShipDate | M1: plannedDeliveryDate | N1: quantity | O1: quantityUnits | P1: totalValue | Q1: orderValueCurrency | R1: lineCount | S1: totalShippedQuantity | T1: exclude | U1: sourceLink | V1: precio_unitario | W1: precio_unitario_iva
A2: 100044349 | B2: OUTBOUND | C2: LightTree | D2: AHTD | E2: =VLOOKUP(D2,Catalogo!$A$1:$B$10,2) -> Apex Highway Technologies Division | F2: LT-1 | G2: AHTD - Bentonville | I2: 2021-06-08T00:00:00 | J2: 2021-07-20T00:00:00 | K2: 2021-07-30T00:00:00 | L2: 2021-07-23T00:00:00 | M2: 2021-07-30T00:00:00 | N2: 189 | O2: EA | P2: 236250 | Q2: USD | R2: 3 | U2: http://lighttree.com/100044349 | V2: 1250 | W2: 1487.5
A3: 100044350 | B3: OUTBOUND | C3: LightTree | D3: AHTD | E3: =VLOOKUP(D3,Catalogo!$A$1:$B$10,2) -> Apex Highway Technologies Division | F3: LT-1 | G3: AHTD - Bentonville | I3: 2021-06-08T00:00:00 | J3: 2021-07-23T00:00:00 | K3: 2021-07-30T00:00:00 | L3: 2021-07-23T00:00:00 | M3: 2021-07-30T00:00:00 | N3: 20 | O3: EA | P3: 25000 | Q3: USD | R3: 3 | U3: http://lighttree.com/100044350 | V3: 1250 | W3: 1487.5
A4: 100044353 | B4: OUTBOUND | C4: LightTree | D4: AHTD | E4: =VLOOKUP(D4,Catalogo!$A$1:$B$10,2) -> Apex Highway Technologies Division | F4: LT-1 | G4: AHTD - Bentonville | I4: 2021-06-08T00:00:00 | J4: 2021-07-13T00:00:00 | K4: 2021-07-30T00:00:00 | L4: 2021-07-23T00:00:00 | M4: 2021-07-30T00:00:00 | N4: 212 | O4: EA | P4: 265000 | Q4: USD | R4: 3 | U4: http://lighttree.com/100044353 | V4: 1250 | W4: 1487.5
A5: 100055001 | B5: OUTBOUND | C5: LightTree | D5: AHTD | E5: =VLOOKUP(D5,Catalogo!$A$1:$B$10,2) -> Apex Highway Technologies Division | F5: LT-2 | G5: AHTD - Bentonville | I5: 2017-07-11T00:00:00 | J5: 2021-08-10T00:00:00 | K5: 2021-08-18T00:00:00 | L5: 2021-08-10T00:00:00 | M5: 2021-08-18T00:00:00 | N5: 761 | O5: EA | P5: 59473 | Q5: USD | R5: 3 | U5: http://lighttree.com/100055001 | V5: 78.151117 | W5: 92.999829
A6: 100055003 | B6: OUTBOUND | C6: LightTree | D6: AHTD | E6: =VLOOKUP(D6,Catalogo!$A$1:$B$10,2) -> Apex Highway Technologies Division | F6: LT-2 | G6: AHTD - Bentonville | I6: 2017-07-20T00:00:00 | J6: 2021-08-11T00:00:00 | K6: 2021-08-14T00:00:00 | L6: 2021-08-11T00:00:00 | M6: 2021-08-14T00:00:00 | N6: 520 | O6: EA | P6: 47438 | Q6: USD | R6: 3 | U6: http://lighttree.com/100055003 | V6: 91.226923 | W6: 108.56004
A7: 100044351 | B7: OUTBOUND | C7: LightTree | D7: AHTD | E7: =VLOOKUP(D7,Catalogo!$A$1:$B$10,2) -> Apex Highway Technologies Division | F7: LT-1 | G7: AHTD - Bentonville | I7: 2021-06-08T00:00:00 | J7: 2021-07-08T00:00:00 | K7: 2021-07-15T00:00:00 | L7: 2021-07-08T00:00:00 | M7: 2021-07-15T00:00:00 | N7: 68 | O7: EA | P7: 85000 | Q7: USD | R7: 3 | U7: http://lighttree.com/100044351 | V7: 1250 | W7: 1487.5
A8: 100044352 | B8: OUTBOUND | C8: LightTree | D8: AHTD | E8: =VLOOKUP(D8,Catalogo!$A$1:$B$10,2) -> Apex Highway Technologies Division | F8: LT-1 | G8: AHTD - Bentonville | I8: 2021-06-08T00:00:00 | J8: 2021-07-08T00:00:00 | K8: 2021-07-15T00:00:00 | L8: 2021-07-08T00:00:00 | M8: 2021-07-17T00:00:00 | N8: 74 | O8: EA | P8: 92500 | Q8: USD | R8: 3 | U8: http://lighttree.com/100044352 | V8: 1250 | W8: 1487.5
A9: 100044354 | B9: OUTBOUND | C9: LightTree | D9: AHTD | E9: =VLOOKUP(D9,Catalogo!$A$1:$B$10,2) -> Apex Highway Technologies Division | F9: LT-1 | G9: AHTD - Bentonville | I9: 2021-06-08T00:00:00 | J9: 2021-06-30T00:00:00 | K9: 2021-07-07T00:00:00 | L9: 2021-06-30T00:00:00 | M9: 2021-07-07T00:00:00 | N9: 208 | O9: EA | P9: 260000 | Q9: USD | R9: 3 | U9: http://lighttree.com/100044354 | V9: 1250 | W9: 1487.5
A10: 100044355 | B10: OUTBOUND | C10: LightTree | D10: AHTD | E10: =VLOOKUP(D10,Catalogo!$A$1:$B$10,2) -> Apex Highway Technologies Division | F10: LT-1 | G10: AHTD - Bentonville | I10: 2021-06-08T00:00:00 | J10: 2021-06-30T00:00:00 | K10: 2021-07-07T00:00:00 | L10: 2021-06-30T00:00:00 | M10: 2021-07-07T00:00:00 | N10: 400 | O10: EA | P10: 500000 | Q10: USD | R10: 3 | U10: http://lighttree.com/100044355 | V10: 1250 | W10: 1487.5
A11: 100044343 | B11: OUTBOUND | C11: LightTree | D11: CALTRAN | E11: =VLOOKUP(D11,Catalogo!$A$1:$B$10,2) -> CalTranscend Systems | F11: LT-1 | G11: CALTRAN - San Diego | I11: 2021-06-11T00:00:00 | J11: 2021-07-26T00:00:00 | K11: 2021-08-03T00:00:00 | L11: 2021-07-26T00:00:00 | M11: 2021-08-03T00:00:00 | N11: 22 | O11: EA | P11: 27500 | Q11: USD | R11: 3 | U11: http://lighttree.com/100044343 | V11: 1250 | W11: 1487.5
A12: 100044344 | B12: OUTBOUND | C12: LightTree | D12: CALTRAN | E12: =VLOOKUP(D12,Catalogo!$A$1:$B$10,2) -> CalTranscend Systems | F12: LT-1 | G12: CALTRAN - San Diego | I12: 2021-06-11T00:00:00 | J12: 2021-07-28T00:00:00 | K12: 2021-08-03T00:00:00 | L12: 2021-07-26T00:00:00 | M12: 2021-08-03T00:00:00 | N12: 302 | O12: EA | P12: 377500 | Q12: USD | R12: 3 | U12: http://lighttree.com/100044344 | V12: 1250 | W12: 1487.5
A13: 100055000 | B13: OUTBOUND | C13: LightTree | D13: CALTRAN | E13: =VLOOKUP(D13,Catalogo!$A$1:$B$10,2) -> CalTranscend Systems | F13: LT-2 | G13: CALTRAN - San Diego | I13: 2017-07-20T00:00:00 | J13: 2021-08-11T00:00:00 | K13: 2021-08-14T00:00:00 | L13: 2021-08-11T00:00:00 | M13: 2021-08-14T00:00:00 | N13: 228 | O13: EA | P13: 20084 | Q13: USD | R13: 3 | U13: http://lighttree.com/100055000 | V13: 88.087719 | W13: 104.82439
... A29: 100055010 | B29: OUTBOUND | C29: LightTree | D29: FAA | E29: =VLOOKUP(D29,Catalogo!$A$1:$B$10,2) -> Flight Axis Authority | F29: LT-2 | G29: FAA - Washington | I29: 2017-07-20T00:00:00 | J29: 2021-08-11T00:00:00 | K29: 2021-08-14T00:00:00 | L29: 2021-08-11T00:00:00 | M29: 2021-08-14T00:00:00 | N29: 488 | O29: EA | P29: 35137 | Q29: USD | R29: 4 | U29: http://lighttree.com/100055010 | V29: 72.002049 | W29: 85.682439
A30: 100044322 | B30: OUTBOUND | C30: LightTree | D30: FAA | E30: =VLOOKUP(D30,Catalogo!$A$1:$B$10,2) -> Flight Axis Authority | F30: LT-2 | G30: FAA - Washington | I30: 2021-07-20T00:00:00 | J30: 2021-08-11T00:00:00 | K30: 2021-08-14T00:00:00 | N30: 400 | O30: EA | P30: 500000 | Q30: USD | R30: 3 | U30: http://lighttree.com/100044322 | V30: 1250 | W30: 1487.5
A31: 100044335 | B31: OUTBOUND | C31: LightTree | D31: KYTC | E31: =VLOOKUP(D31,Catalogo!$A$1:$B$10,2) -> Kinetic Transit Core | F31: LT-2 | G31: KYTC - Lexington | I31: 2021-06-28T00:00:00 | J31: 2021-07-20T00:00:00 | K31: 2021-07-24T00:00:00 | L31: 2021-07-20T00:00:00 | M31: 2021-07-28T00:00:00 | N31: 320 | O31: EA | P31: 400000 | Q31: USD | R31: 3 | U31: http://lighttree.com/100044335 | V31: 1250 | W31: 1487.5
A32: 100044336 | B32: OUTBOUND | C32: LightTree | D32: KYTC | E32: =VLOOKUP(D32,Catalogo!$A$1:$B$10,2) -> Kinetic Transit Core | F32: LT-2 | G32: KYTC - Lexington | I32: 2021-06-28T00:00:00 | J32: 2021-07-28T00:00:00 | K32: 2021-08-01T00:00:00 | L32: 2021-07-28T00:00:00 | M32: 2021-08-01T00:00:00 | N32: 75 | O32: EA | P32: 93750 | Q32: USD | R32: 3 | U32: http://lighttree.com/100044336 | V32: 1250 | W32: 1487.5
A33: 100044337 | B33: OUTBOUND | C33: LightTree | D33: KYTC | E33: =VLOOKUP(D33,Catalogo!$A$1:$B$10,2) -> Kinetic Transit Core | F33: LT-2 | G33: KYTC - Lexington | I33: 2021-06-28T00:00:00 | J33: 2021-07-28T00:00:00 | K33: 2021-08-01T00:00:00 | L33: 2021-07-28T00:00:00 | M33: 2021-08-01T00:00:00 | N33: 4 | O33: EA | P33: 5000 | Q33: USD | R33: 3 | U33: http://lighttree.com/100044337 | V33: 1250 | W33: 1487.5
A34: 1000567212 | B34: INBOUND | C34: Flexilux | D34: LightTree | E34: =VLOOKUP(D34,Catalogo!$A$1:$B$10,2) -> LightTree Innovations | F34: Flexilux - Worcester | G34: LT-1 | I34: 2021-07-08T00:00:00 | J34: 2021-07-15T00:00:00 | K34: 2021-07-19T00:00:00 | L34: 2021-07-15T00:00:00 | M34: 2021-07-19T00:00:00 | N34: 56 | O34: EA | P34: 134288 | Q34: USD | R34: 1 | U34: http://lighttree.com/1000567212 | V34: 2398 | W34: 2853.62
A35: 1000567213 | B35: INBOUND | C35: Interalloy | D35: LightTree | E35: =VLOOKUP(D35,Catalogo!$A$1:$B$10,2) -> LightTree Innovations | F35: Interalloy - Bozeman | G35: LT-1 | I35: 2021-07-08T00:00:00 | J35: 2021-07-15T00:00:00 | K35: 2021-07-19T00:00:00 | L35: 2021-07-15T00:00:00 | M35: 2021-07-19T00:00:00 | N35: 56 | O35: EA | P35: 168 | Q35: USD | R35: 1 | U35: http://lighttree.com/1000567213 | V35: 3 | W35: 3.57
A36: 1000567215 | B36: INBOUND | C36: Alumi-lux | D36: LightTree | E36: =VLOOKUP(D36,Catalogo!$A$1:$B$10,2) -> LightTree Innovations | F36: Alumi-lux - Nashua | G36: LT-1 | I36: 2021-07-15T00:00:00 | J36: 2021-07-22T00:00:00 | K36: 2021-07-26T00:00:00 | L36: 2021-07-26T00:00:00 | N36: 44 | O36: EA | P36: 20020 | Q36: USD | R36: 1 | U36: http://lighttree.com/1000567215 | V36: 455 | W36: 541.45
A37: 1000567217 | B37: INBOUND | C37: EM | D37: LightTree | E37: =VLOOKUP(D37,Catalogo!$A$1:$B$10,2) -> LightTree Innovations | F37: EM - Hemphill | G37: LT-1 | I37: 2021-07-15T00:00:00 | J37: 2021-07-22T00:00:00 | K37: 2021-07-26T00:00:00 | L37: 2021-07-24T00:00:00 | N37: 44 | O37: EA | P37: 836 | Q37: USD | R37: 1 | U37: http://lighttree.com/1000567217 | V37: 19 | W37: 22.61
A38: 1000567229 | B38: INBOUND | C38: Thermal | D38: LightTree | E38: =VLOOKUP(D38,Catalogo!$A$1:$B$10,2) -> LightTree Innovations | F38: Thermal - Cincinnati | G38: LT-1 | I38: 2021-06-16T00:00:00 | J38: 2021-06-23T00:00:00 | K38: 2021-06-27T00:00:00 | L38: 2021-06-23T00:00:00 | M38: 2021-06-27T00:00:00 | N38: 124 | O38: EA | P38: 6820 | Q38: USD | R38: 1 | U38: http://lighttree.com/1000567229 | V38: 55 | W38: 65.45
A39: 1000567234 | B39: INBOUND | C39: Amos | D39: LightTree | E39: =VLOOKUP(D39,Catalogo!$A$1:$B$10,2) -> LightTree Innovations | F39: Amos - Philadelphia | G39: LT-1 | I39: 2021-07-15T00:00:00 | J39: 2021-07-22T00:00:00 | K39: 2021-07-26T00:00:00 | L39: 2021-07-22T00:00:00 | N39: 44 | O39: EA | P39: 2420 | Q39: USD | R39: 1 | U39: http://lighttree.com/1000567234 | V39: 55 | W39: 65.45
A40: 1000567240 | B40: INBOUND | C40: Interalloy | D40: LightTree | E40: =VLOOKUP(D40,Catalogo!$A$1:$B$10,2) -> LightTree Innovations | F40: Interalloy - Bozeman | G40: LT-1 | I40: 2021-07-15T00:00:00 | J40: 2021-07-22T00:00:00 | K40: 2021-07-26T00:00:00 | L40: 2021-07-24T00:00:00 | N40: 44 | O40: EA | P40: 220 | Q40: USD | R40: 1 | U40: http://lighttree.com/1000567240 | V40: 5 | W40: 5.95
A41: 1000567241 | B41: INBOUND | C41: Amos | D41: LightTree | E41: =VLOOKUP(D41,Catalogo!$A$1:$B$10,2) -> LightTree Innovations | F41: Amos - Philadelphia | G41: LT-1 | I41: 2021-07-08T00:00:00 | J41: 2021-07-15T00:00:00 | K41: 2021-07-19T00:00:00 | L41: 2021-07-15T00:00:00 | M41: 2021-07-19T00:00:00 | N41: 56 | O41: EA | P41: 3080 | Q41: USD | R41: 1 | U41: http://lighttree.com/1000567241 | V41: 55 | W41: 65.45
A42: 1000567244 | B42: INBOUND | C42: EM | D42: LightTree | E42: =VLOOKUP(D42,Catalogo!$A$1:$B$10,2) -> LightTree Innovations | F42: EM - Hemphill | G42: LT-1 | I42: 2021-07-08T00:00:00 | J42: 2021-07-15T00:00:00 | K42: 2021-07-19T00:00:00 | L42: 2021-07-15T00:00:00 | M42: 2021-07-19T00:00:00 | N42: 56 | O42: EA | P42: 1064 | Q42: USD | R42: 1 | U42: http://lighttree.com/1000567244 | V42: 19 | W42: 22.61
A43: 1000567248 | B43: INBOUND | C43: SA | D43: LightTree | E43: =VLOOKUP(D43,Catalogo!$A$1:$B$10,2) -> LightTree Innovations | F43: SA - Loretto | G43: LT-1 | I43: 2021-06-16T00:00:00 | J43: 2021-06-23T00:00:00 | K43: 2021-06-27T00:00:00 | L43: 2021-06-23T00:00:00 | M43: 2021-06-27T00:00:00 | N43: 512 | O43: EA | P43: 179200 | Q43: USD | R43: 1 | U43: http://lighttree.com/1000567248 | V43: 350 | W43: 416.5
A44: 1000567251 | B44: INBOUND | C44: SilverOptics | D44: LightTree | E44: =VLOOKUP(D44,Catalogo!$A$1:$B$10,2) -> LightTree Innovations | F44: SilverOptics - Dover | G44: LT-1 | I44: 2021-07-15T00:00:00 | J44: 2021-07-22T00:00:00 | K44: 2021-07-26T00:00:00 | N44: 44 | O44: EA | P44: 4752 | Q44: USD | R44: 1 | U44: http://lighttree.com/1000567251 | V44: 108 | W44: 128.52
A45: 1000567254 | B45: INBOUND | C45: Brewers | D45: LightTree | E45: =VLOOKUP(D45,Catalogo!$A$1:$B$10,2) -> LightTree Innovations | F45: Brewers - Phoenix | G45: LT-1 | I45: 2021-06-16T00:00:00 | J45: 2021-06-23T00:00:00 | K45: 2021-06-27T00:00:00 | L45: 2021-06-23T00:00:00 | M45: 2021-06-27T00:00:00 | N45: 512 | O45: EA | P45: 745472 | Q45: USD | R45: 1 | U45: http://lighttree.com/1000567254 | V45: 1456 | W45: 1732.64
A46: 1000567255 | B46: INBOUND | C46: Ripley | D46: LightTree | E46: =VLOOKUP(D46,Catalogo!$A$1:$B$10,2) -> LightTree Innovations | F46: Ripley - Trenton | G46: LT-1 | I46: 2021-07-08T00:00:00 | J46: 2021-07-15T00:00:00 | K46: 2021-07-19T00:00:00 | L46: 2021-07-15T00:00:00 | M46: 2021-07-19T00:00:00 | N46: 56 | O46: EA | P46: 17920 | Q46: USD | R46: 1 | U46: http://lighttree.com/1000567255 | V46: 320 | W46: 380.8
A47: 1000567262 | B47: INBOUND | C47: Interalloy | D47: LightTree | E47: =VLOOKUP(D47,Catalogo!$A$1:$B$10,2) -> LightTree Innovations | F47: Interalloy - Bozeman | G47: LT-1 | I47: 2021-06-16T00:00:00 | J47: 2021-06-23T00:00:00 | K47: 2021-06-27T00:00:00 | L47: 2021-06-23T00:00:00 | M47: 2021-06-27T00:00:00 | N47: 512 | O47: EA | P47: 2560 | Q47: USD | R47: 1 | U47: http://lighttree.com/1000567262 | V47: 5 | W47: 5.95
A48: 1000567264 | B48: INBOUND | C48: Ripley | D48: LightTree | E48: =VLOOKUP(D48,Catalogo!$A$1:$B$10,2) -> LightTree Innovations | F48: Ripley - Trenton | G48: LT-1 | I48: 2021-07-15T00:00:00 | J48: 2021-07-22T00:00:00 | K48: 2021-07-26T00:00:00 | N48: 44 | O48: EA | P48: 15400 | Q48: USD | R48: 1 | U48: http://lighttree.com/1000567264 | V48: 350 | W48: 416.5
A49: 1000567268 | B49: INBOUND | C49: EM | D49: LightTree | E49: =VLOOKUP(D49,Catalogo!$A$1:$B$10,2) -> LightTree Innovations | F49: EM - Hemphill | G49: LT-1 | I49: 2021-06-16T00:00:00 | J49: 2021-06-23T00:00:00 | K49: 2021-06-27T00:00:00 | L49: 2021-06-23T00:00:00 | M49: 2021-06-27T00:00:00 | N49: 512 | O49: EA | P49: 9728 | Q49: USD | R49: 1 | U49: http://lighttree.com/1000567268 | V49: 19 | W49: 22.61
A50: 1000567286 | B50: INBOUND | C50: Brewers | D50: LightTree | E50: =VLOOKUP(D50,Catalogo!$A$1:$B$10,2) -> LightTree Innovations | F50: Brewers - Phoenix | G50: LT-1 | I50: 2021-07-15T00:00:00 | J50: 2021-07-22T00:00:00 | K50: 2021-07-26T00:00:00 | L50: 2021-07-22T00:00:00 | N50: 44 | O50: EA | P50: 56628 | Q50: USD | R50: 1 | U50: http://lighttree.com/1000567286 | V50: 1287 | W50: 1531.53
A51: 1000567287 | B51: INBOUND | C51: Mueller | D51: LightTree | E51: =VLOOKUP(D51,Catalogo!$A$1:$B$10,2) -> LightTree Innovations | F51: Mueller - Pittsburgh | G51: LT-1 | I51: 2021-06-16T00:00:00 | J51: 2021-06-23T00:00:00 | K51: 2021-06-27T00:00:00 | L51: 2021-06-23T00:00:00 | M51: 2021-06-27T00:00:00 | N51: 512 | O51: EA | P51: 210944 | Q51: USD | R51: 1 | U51: http://lighttree.com/1000567287 | V51: 412 | W51: 490.28
A52: 1000567294 | B52: INBOUND | C52: Alumi-lux | D52: LightTree | E52: =VLOOKUP(D52,Catalogo!$A$1:$B$10,2) -> LightTree Innovations | F52: Alumi-lux - Nashua | G52: LT-1 | I52: 2021-06-29T00:00:00 | J52: 2021-07-06T00:00:00 | K52: 2021-07-10T00:00:00 | L52: 2021-07-10T00:00:00 | M52: 2021-07-14T00:00:00 | N52: 75 | O52: EA | P52: 34125 | Q52: USD | R52: 1 | U52: http://lighttree.com/1000567294 | V52: 455 | W52: 541.45
A53: 1000567306 | B53: INBOUND | C53: Interalloy | D53: LightTree | E53: =VLOOKUP(D53,Catalogo!$A$1:$B$10,2) -> LightTree Innovations | F53: Interalloy - Bozeman | G53: LT-1 | I53: 2021-06-16T00:00:00 | J53: 2021-06-23T00:00:00 | K53: 2021-06-27T00:00:00 | L53: 2021-06-23T00:00:00 | M53: 2021-06-27T00:00:00 | N53: 512 | O53: EA | P53: 1536 | Q53: USD | R53: 1 | U53: http://lighttree.com/1000567306 | V53: 3 | W53: 3.57
A54: 1000567310 | B54: INBOUND | C54: F & M | D54: LightTree | E54: =VLOOKUP(D54,Catalogo!$A$1:$B$10,2) -> LightTree Innovations | F54: F & M - Columbus | G54: LT-1 | I54: 2021-07-08T00:00:00 | J54: 2021-07-15T00:00:00 | K54: 2021-07-19T00:00:00 | L54: 2021-07-15T00:00:00 | M54: 2021-07-19T00:00:00 | N54: 56 | O54: EA | P54: 2800 | Q54: USD | R54: 1 | U54: http://lighttree.com/1000567310 | V54: 50 | W54: 59.5
A55: 1000567311 | B55: INBOUND | C55: Hardy | D55: LightTree | E55: =VLOOKUP(D55,Catalogo!$A$1:$B$10,2) -> LightTree Innovations | F55: Hardy - Salina | G55: LT-1 | I55: 2021-06-29T00:00:00 | J55: 2021-07-06T00:00:00 | K55: 2021-07-10T00:00:00 | L55: 2021-07-06T00:00:00 | M55: 2021-07-10T00:00:00 | N55: 75 | O55: EA | P55: 1800 | Q55: USD | R55: 1 | U55: http://lighttree.com/1000567311 | V55: 24 | W55: 28.56
A56: 1000567313 | B56: INBOUND | C56: F & M | D56: LightTree | E56: =VLOOKUP(D56,Catalogo!$A$1:$B$10,2) -> LightTree Innovations | F56: F & M - Columbus | G56: LT-1 | I56: 2021-06-16T00:00:00 | J56: 2021-06-23T00:00:00 | K56: 2021-06-27T00:00:00 | L56: 2021-06-23T00:00:00 | M56: 2021-06-27T00:00:00 | N56: 512 | O56: EA | P56: 25600 | Q56: USD | R56: 1 | U56: http://lighttree.com/1000567313 | V56: 50 | W56: 59.5
A57: 1000567318 | B57: INBOUND | C57: Interalloy | D57: LightTree | E57: =VLOOKUP(D57,Catalogo!$A$1:$B$10,2) -> LightTree Innovations | F57: Interalloy - Bozeman | G57: LT-1 | I57: 2021-07-08T00:00:00 | J57: 2021-07-15T00:00:00 | K57: 2021-07-19T00:00:00 | L57: 2021-07-15T00:00:00 | M57: 2021-07-19T00:00:00 | N57: 56 | O57: EA | P57: 280 | Q57: USD | R57: 1 | U57: http://lighttree.com/1000567318 | V57: 5 | W57: 5.95
A58: 1000567320 | B58: INBOUND | C58: Brewers | D58: LightTree | E58: =VLOOKUP(D58,Catalogo!$A$1:$B$10,2) -> LightTree Innovations | F58: Brewers - Phoenix | G58: LT-1 | I58: 2021-07-08T00:00:00 | J58: 2021-07-15T00:00:00 | K58: 2021-07-19T00:00:00 | L58: 2021-07-15T00:00:00 | M58: 2021-07-19T00:00:00 | N58: 56 | O58: EA | P58: 81536 | Q58: USD | R58: 1 | U58: http://lighttree.com/1000567320 | V58: 1456 | W58: 1732.64
A59: 1000567323 | B59: INBOUND | C59: R&J | D59: LightTree | E59: =VLOOKUP(D59,Catalogo!$A$1:$B$10,2) -> LightTree Innovations | F59: R&J - Vancouver | G59: LT-1 | I59: 2021-06-29T00:00:00 | J59: 2021-07-06T00:00:00 | K59: 2021-07-10T00:00:00 | L59: 2021-07-06T00:00:00 | M59: 2021-07-10T00:00:00 | N59: 75 | O59: EA | P59: 58050 | Q59: USD | R59: 1 | U59: http://lighttree.com/1000567323 | V59: 774 | W59: 921.06
A60: 1000567324 | B60: INBOUND | C60: McGrey | D60: LightTree | E60: =VLOOKUP(D60,Catalogo!$A$1:$B$10,2) -> LightTree Innovations | F60: McGrey - Mt Sterling | G60: LT-1 | I60: 2021-06-29T00:00:00 | J60: 2021-07-06T00:00:00 | K60: 2021-07-10T00:00:00 | L60: 2021-07-06T00:00:00 | M60: 2021-07-10T00:00:00 | N60: 75 | O60: EA | P60: 96750 | Q60: USD | R60: 1 | U60: http://lighttree.com/1000567324 | V60: 1290 | W60: 1535.1
A61: 1000567325 | B61: INBOUND | C61: Ripley | D61: LightTree | E61: =VLOOKUP(D61,Catalogo!$A$1:$B$10,2) -> LightTree Innovations | F61: Ripley - Trenton | G61: LT-1 | I61: 2021-06-16T00:00:00 | J61: 2021-06-23T00:00:00 | K61: 2021-06-27T00:00:00 | L61: 2021-06-23T00:00:00 | M61: 2021-06-27T00:00:00 | N61: 512 | O61: EA | P61: 163840 | Q61: USD | R61: 1 | U61: http://lighttree.com/1000567325 | V61: 320 | W61: 380.8
A62: 1000567326 | B62: INBOUND | C62: Mueller | D62: LightTree | E62: =VLOOKUP(D62,Catalogo!$A$1:$B$10,2) -> LightTree Innovations | F62: Mueller - Pittsburgh | G62: LT-1 | I62: 2021-06-29T00:00:00 | J62: 2021-07-06T00:00:00 | K62: 2021-07-10T00:00:00 | L62: 2021-07-06T00:00:00 | M62: 2021-07-10T00:00:00 | N62: 75 | O62: EA | P62: 30900 | Q62: USD | R62: 1 | U62: http://lighttree.com/1000567326 | V62: 412 | W62: 490.28
... A69: 1000567349 | B69: INBOUND | C69: Mueller | D69: LightTree | E69: =VLOOKUP(D69,Catalogo!$A$1:$B$10,2) -> LightTree Innovations | F69: Mueller - Pittsburgh | G69: LT-1 | I69: 2021-06-29T00:00:00 | J69: 2021-07-06T00:00:00 | K69: 2021-07-10T00:00:00 | L69: 2021-07-06T00:00:00 | M69: 2021-07-10T00:00:00 | N69: 75 | O69: EA | P69: 31650 | Q69: USD | R69: 1 | U69: http://lighttree.com/1000567349 | V69: 422 | W69: 502.18
A70: 1000567350 | B70: INBOUND | C70: Flexilux | D70: LightTree | E70: =VLOOKUP(D70,Catalogo!$A$1:$B$10,2) -> LightTree Innovations | F70: Flexilux - Worcester | G70: LT-1 | I70: 2021-07-15T00:00:00 | J70: 2021-07-22T00:00:00 | K70: 2021-07-26T00:00:00 | L70: 2021-07-22T00:00:00 | N70: 44 | O70: EA | P70: 103356 | Q70: USD | R70: 1 | U70: http://lighttree.com/1000567350 | V70: 2349 | W70: 2795.31
A71: 1000567353 | B71: INBOUND | C71: Mueller | D71: LightTree | E71: =VLOOKUP(D71,Catalogo!$A$1:$B$10,2) -> LightTree Innovations | F71: Mueller - Pittsburgh | G71: LT-1 | I71: 2021-07-15T00:00:00 | J71: 2021-07-22T00:00:00 | K71: 2021-07-26T00:00:00 | L71: 2021-07-22T00:00:00 | N71: 44 | O71: EA | P71: 18568 | Q71: USD | R71: 1 | U71: http://lighttree.com/1000567353 | V71: 422 | W71: 502.18
A72: 1000567356 | B72: INBOUND | C72: Gemini | D72: LightTree | E72: =VLOOKUP(D72,Catalogo!$A$1:$B$10,2) -> LightTree Innovations | F72: Gemini - Dallas | G72: LT-1 | I72: 2021-07-08T00:00:00 | J72: 2021-07-15T00:00:00 | K72: 2021-07-19T00:00:00 | L72: 2021-07-15T00:00:00 | M72: 2021-07-19T00:00:00 | N72: 56 | O72: EA | P72: 6832 | Q72: USD | R72: 1 | U72: http://lighttree.com/1000567356 | V72: 122 | W72: 145.18
A73: 1000567363 | B73: INBOUND | C73: LightLens | D73: LightTree | E73: =VLOOKUP(D73,Catalogo!$A$1:$B$10,2) -> LightTree Innovations | F73: LightLens - Ipswich | G73: LT-1 | I73: 2021-07-15T00:00:00 | J73: 2021-07-22T00:00:00 | K73: 2021-07-26T00:00:00 | L73: 2021-07-22T00:00:00 | N73: 44 | O73: EA | P73: 8932 | Q73: USD | R73: 1 | U73: http://lighttree.com/1000567363 | V73: 203 | W73: 241.57
A74: 1000567365 | B74: INBOUND | C74: F & M | D74: LightTree | E74: =VLOOKUP(D74,Catalogo!$A$1:$B$10,2) -> LightTree Innovations | F74: F & M - Columbus | G74: LT-1 | I74: 2021-06-29T00:00:00 | J74: 2021-07-06T00:00:00 | K74: 2021-07-10T00:00:00 | L74: 2021-07-06T00:00:00 | M74: 2021-07-10T00:00:00 | N74: 75 | O74: EA | P74: 3750 | Q74: USD | R74: 1 | U74: http://lighttree.com/1000567365 | V74: 50 | W74: 59.5
A75: 1000567367 | B75: INBOUND | C75: Interalloy | D75: LightTree | E75: =VLOOKUP(D75,Catalogo!$A$1:$B$10,2) -> LightTree Innovations | F75: Interalloy - Bozeman | G75: LT-1 | I75: 2021-06-29T00:00:00 | J75: 2021-07-06T00:00:00 | K75: 2021-07-10T00:00:00 | L75: 2021-07-06T00:00:00 | M75: 2021-07-10T00:00:00 | N75: 75 | O75: EA | P75: 375 | Q75: USD | R75: 1 | U75: http://lighttree.com/1000567367 | V75: 5 | W75: 5.95
A76: 1000567369 | B76: INBOUND | C76: Flexilux | D76: LightTree | E76: =VLOOKUP(D76,Catalogo!$A$1:$B$10,2) -> LightTree Innovations | F76: Flexilux - Worcester | G76: LT-1 | I76: 2021-06-29T00:00:00 | J76: 2021-07-06T00:00:00 | K76: 2021-07-10T00:00:00 | L76: 2021-07-06T00:00:00 | M76: 2021-07-10T00:00:00 | N76: 75 | O76: EA | P76: 176175 | Q76: USD | R76: 1 | U76: http://lighttree.com/1000567369 | V76: 2349 | W76: 2795.31
A77: 1000567370 | B77: INBOUND | C77: SilverOptics | D77: LightTree | E77: =VLOOKUP(D77,Catalogo!$A$1:$B$10,2) -> LightTree Innovations | F77: SilverOptics - Dover | G77: LT-1 | I77: 2021-07-08T00:00:00 | J77: 2021-07-15T00:00:00 | K77: 2021-07-19T00:00:00 | L77: 2021-07-15T00:00:00 | M77: 2021-07-19T00:00:00 | N77: 56 | O77: EA | P77: 5320 | Q77: USD | R77: 1 | U77: http://lighttree.com/1000567370 | V77: 95 | W77: 113.05
A78: 1000567371 | B78: INBOUND | C78: Mueller | D78: LightTree | E78: =VLOOKUP(D78,Catalogo!$A$1:$B$10,2) -> LightTree Innovations | F78: Mueller - Pittsburgh | G78: LT-1 | I78: 2021-06-16T00:00:00 | J78: 2021-06-23T00:00:00 | K78: 2021-06-27T00:00:00 | L78: 2021-06-23T00:00:00 | M78: 2021-06-27T00:00:00 | N78: 124 | O78: EA | P78: 52328 | Q78: USD | R78: 1 | U78: http://lighttree.com/1000567371 | V78: 422 | W78: 502.18
A79: 1000567382 | B79: INBOUND | C79: LightLens | D79: LightTree | E79: =VLOOKUP(D79,Catalogo!$A$1:$B$10,2) -> LightTree Innovations | F79: LightLens - Ipswich | G79: LT-1 | I79: 2021-06-29T00:00:00 | J79: 2021-07-06T00:00:00 | K79: 2021-07-10T00:00:00 | L79: 2021-07-06T00:00:00 | M79: 2021-07-10T00:00:00 | N79: 75 | O79: EA | P79: 15225 | Q79: USD | R79: 1 | U79: http://lighttree.com/1000567382 | V79: 203 | W79: 241.57
A80: 1000567388 | B80: INBOUND | C80: Total Source | D80: LightTree | E80: =VLOOKUP(D80,Catalogo!$A$1:$B$10,2) -> LightTree Innovations | F80: Total Source - Waukesha | G80: LT-1 | I80: 2021-06-16T00:00:00 | J80: 2021-06-23T00:00:00 | K80: 2021-06-27T00:00:00 | L80: 2021-06-23T00:00:00 | M80: 2021-06-27T00:00:00 | N80: 512 | O80: EA | P80: 528384 | Q80: USD | R80: 1 | U80: http://lighttree.com/1000567388 | V80: 1032 | W80: 1228.08
A81: 1000567391 | B81: INBOUND | C81: LightLens | D81: LightTree | E81: =VLOOKUP(D81,Catalogo!$A$1:$B$10,2) -> LightTree Innovations | F81: LightLens - Ipswich | G81: LT-1 | I81: 2021-07-08T00:00:00 | J81: 2021-07-15T00:00:00 | K81: 2021-07-19T00:00:00 | L81: 2021-07-15T00:00:00 | M81: 2021-07-25T00:00:00 | N81: 56 | O81: EA | P81: 10640 | Q81: USD | R81: 1 | U81: http://lighttree.com/1000567391 | V81: 190 | W81: 226.1
A82: 1000567394 | B82: INBOUND | C82: EM | D82: LightTree | E82: =VLOOKUP(D82,Catalogo!$A$1:$B$10,2) -> LightTree Innovations | F82: EM - Hemphill | G82: LT-1 | I82: 2021-06-29T00:00:00 | J82: 2021-07-06T00:00:00 | K82: 2021-07-10T00:00:00 | L82: 2021-07-06T00:00:00 | M82: 2021-07-10T00:00:00 | N82: 75 | O82: EA | P82: 1425 | Q82: USD | R82: 1 | U82: http://lighttree.com/1000567394 | V82: 19 | W82: 22.61
A83: 1000567402 | B83: INBOUND | C83: Alumi-lux | D83: LightTree | E83: =VLOOKUP(D83,Catalogo!$A$1:$B$10,2) -> LightTree Innovations | F83: Alumi-lux - Nashua | G83: LT-1 | I83: 2021-06-16T00:00:00 | J83: 2021-06-23T00:00:00 | K83: 2021-06-27T00:00:00 | L83: 2021-06-23T00:00:00 | M83: 2021-06-27T00:00:00 | N83: 512 | O83: EA | P83: 232960 | Q83: USD | R83: 1 | U83: http://lighttree.com/1000567402 | V83: 455 | W83: 541.45
A84: 1000567403 | B84: INBOUND | C84: Mueller | D84: LightTree | E84: =VLOOKUP(D84,Catalogo!$A$1:$B$10,2) -> LightTree Innovations | F84: Mueller - Pittsburgh | G84: LT-1 | I84: 2021-07-15T00:00:00 | J84: 2021-07-22T00:00:00 | K84: 2021-07-26T00:00:00 | L84: 2021-07-22T00:00:00 | N84: 44 | O84: EA | P84: 18128 | Q84: USD | R84: 1 | U84: http://lighttree.com/1000567403 | V84: 412 | W84: 490.28
A85: 1000567407 | B85: INBOUND | C85: Gemini | D85: LightTree | E85: =VLOOKUP(D85,Catalogo!$A$1:$B$10,2) -> LightTree Innovations | F85: Gemini - Dallas | G85: LT-1 | I85: 2021-06-16T00:00:00 | J85: 2021-06-23T00:00:00 | K85: 2021-06-27T00:00:00 | L85: 2021-06-23T00:00:00 | M85: 2021-06-27T00:00:00 | N85: 512 | O85: EA | P85: 62464 | Q85: USD | R85: 1 | U85: http://lighttree.com/1000567407 | V85: 122 | W85: 145.18
A86: 1000567409 | B86: INBOUND | C86: Total Source | D86: LightTree | E86: =VLOOKUP(D86,Catalogo!$A$1:$B$10,2) -> LightTree Innovations | F86: Total Source - Waukesha | G86: LT-1 | I86: 2021-07-08T00:00:00 | J86: 2021-07-15T00:00:00 | K86: 2021-07-19T00:00:00 | L86: 2021-07-15T00:00:00 | M86: 2021-07-19T00:00:00 | N86: 56 | O86: EA | P86: 57792 | Q86: USD | R86: 1 | U86: http://lighttree.com/1000567409 | V86: 1032 | W86: 1228.08
A87: 1000567411 | B87: INBOUND | C87: Interalloy | D87: LightTree | E87: =VLOOKUP(D87,Catalogo!$A$1:$B$10,2) -> LightTree Innovations | F87: Interalloy - Bozeman | G87: LT-1 | I87: 2021-07-15T00:00:00 | J87: 2021-07-22T00:00:00 | K87: 2021-07-26T00:00:00 | L87: 2021-07-24T00:00:00 | N87: 44 | O87: EA | P87: 132 | Q87: USD | R87: 1 | U87: http://lighttree.com/1000567411 | V87: 3 | W87: 3.57
A88: 1000567414 | B88: INBOUND | C88: Amos | D88: LightTree | E88: =VLOOKUP(D88,Catalogo!$A$1:$B$10,2) -> LightTree Innovations | F88: Amos - Philadelphia | G88: LT-1 | I88: 2021-06-29T00:00:00 | J88: 2021-07-06T00:00:00 | K88: 2021-07-10T00:00:00 | L88: 2021-07-06T00:00:00 | M88: 2021-07-10T00:00:00 | N88: 75 | O88: EA | P88: 4125 | Q88: USD | R88: 1 | U88: http://lighttree.com/1000567414 | V88: 55 | W88: 65.45
A89: 1000567418 | B89: INBOUND | C89: Alumi-lux | D89: LightTree | E89: =VLOOKUP(D89,Catalogo!$A$1:$B$10,2) -> LightTree Innovations | F89: Alumi-lux - Nashua | G89: LT-1 | I89: 2021-06-16T00:00:00 | J89: 2021-06-23T00:00:00 | K89: 2021-06-27T00:00:00 | L89: 2021-06-23T00:00:00 | M89: 2021-06-27T00:00:00 | N89: 124 | O89: EA | P89: 56420 | Q89: USD | R89: 1 | U89: http://lighttree.com/1000567418 | V89: 455 | W89: 541.45
A90: 1000567420 | B90: INBOUND | C90: Gemini | D90: LightTree | E90: =VLOOKUP(D90,Catalogo!$A$1:$B$10,2) -> LightTree Innovations | F90: Gemini - Dallas | G90: LT-1 | I90: 2021-06-29T00:00:00 | J90: 2021-07-06T00:00:00 | K90: 2021-07-10T00:00:00 | L90: 2021-07-06T00:00:00 | M90: 2021-07-10T00:00:00 | N90: 75 | O90: EA | P90: 9150 | Q90: USD | R90: 1 | U90: http://lighttree.com/1000567420 | V90: 122 | W90: 145.18
A91: 1000567421 | B91: INBOUND | C91: RLP | D91: LightTree | E91: =VLOOKUP(D91,Catalogo!$A$1:$B$10,2) -> LightTree Innovations | F91: RLP - Troy | G91: LT-1 | I91: 2021-06-16T00:00:00 | J91: 2021-06-23T00:00:00 | K91: 2021-06-27T00:00:00 | L91: 2021-06-23T00:00:00 | M91: 2021-06-27T00:00:00 | N91: 512 | O91: EA | P91: 57344 | Q91: USD | R91: 1 | U91: http://lighttree.com/1000567421 | V91: 112 | W91: 133.28
A92: 1000567422 | B92: INBOUND | C92: Flexilux | D92: LightTree | E92: =VLOOKUP(D92,Catalogo!$A$1:$B$10,2) -> LightTree Innovations | F92: Flexilux - Worcester | G92: LT-1 | I92: 2021-06-16T00:00:00 | J92: 2021-06-23T00:00:00 | K92: 2021-06-27T00:00:00 | L92: 2021-06-23T00:00:00 | M92: 2021-06-27T00:00:00 | N92: 512 | O92: EA | P92: 1227776 | Q92: USD | R92: 1 | U92: http://lighttree.com/1000567422 | V92: 2398 | W92: 2853.62
A93: 1000567429 | B93: INBOUND | C93: R&J | D93: LightTree | E93: =VLOOKUP(D93,Catalogo!$A$1:$B$10,2) -> LightTree Innovations | F93: R&J - Vancouver | G93: LT-1 | I93: 2021-07-15T00:00:00 | J93: 2021-07-22T00:00:00 | K93: 2021-07-26T00:00:00 | L93: 2021-07-22T00:00:00 | N93: 44 | O93: EA | P93: 34056 | Q93: USD | R93: 1 | U93: http://lighttree.com/1000567429 | V93: 774 | W93: 921.06
A94: 1000567432 | B94: INBOUND | C94: Interalloy | D94: LightTree | E94: =VLOOKUP(D94,Catalogo!$A$1:$B$10,2) -> LightTree Innovations | F94: Interalloy - Bozeman | G94: LT-1 | I94: 2021-06-29T00:00:00 | J94: 2021-07-06T00:00:00 | K94: 2021-07-10T00:00:00 | L94: 2021-07-06T00:00:00 | M94: 2021-07-10T00:00:00 | N94: 75 | O94: EA | P94: 225 | Q94: USD | R94: 1 | U94: http://lighttree.com/1000567432 | V94: 3 | W94: 3.57
A95: 1000567434 | B95: INBOUND | C95: Amos | D95: LightTree | E95: =VLOOKUP(D95,Catalogo!$A$1:$B$10,2) -> LightTree Innovations | F95: Amos - Philadelphia | G95: LT-1 | I95: 2021-06-16T00:00:00 | J95: 2021-06-23T00:00:00 | K95: 2021-06-27T00:00:00 | L95: 2021-06-23T00:00:00 | M95: 2021-06-27T00:00:00 | N95: 124 | O95: EA | P95: 6820 | Q95: USD | R95: 1 | U95: http://lighttree.com/1000567434 | V95: 55 | W95: 65.45
A96: 1000567435 | B96: INBOUND | C96: F & M | D96: LightTree | E96: =VLOOKUP(D96,Catalogo!$A$1:$B$10,2) -> LightTree Innovations | F96: F & M - Columbus | G96: LT-1 | I96: 2021-07-15T00:00:00 | J96: 2021-07-22T00:00:00 | K96: 2021-07-26T00:00:00 | L96: 2021-07-22T00:00:00 | N96: 44 | O96: EA | P96: 2200 | Q96: USD | R96: 1 | U96: http://lighttree.com/1000567435 | V96: 50 | W96: 59.5
A97: 1000567437 | B97: INBOUND | C97: RLP | D97: LightTree | E97: =VLOOKUP(D97,Catalogo!$A$1:$B$10,2) -> LightTree Innovations | F97: RLP - Troy | G97: LT-1 | I97: 2021-07-08T00:00:00 | J97: 2021-07-15T00:00:00 | K97: 2021-07-19T00:00:00 | L97: 2021-07-15T00:00:00 | M97: 2021-07-19T00:00:00 | N97: 56 | O97: EA | P97: 6272 | Q97: USD | R97: 1 | U97: http://lighttree.com/1000567437 | V97: 112 | W97: 133.28
A98: 1000567443 | B98: INBOUND | C98: Total Source | D98: LightTree | E98: =VLOOKUP(D98,Catalogo!$A$1:$B$10,2) -> LightTree Innovations | F98: Total Source - Waukesha | G98: LT-1 | I98: 2021-06-29T00:00:00 | J98: 2021-07-06T00:00:00 | K98: 2021-07-10T00:00:00 | L98: 2021-07-06T00:00:00 | M98: 2021-07-10T00:00:00 | N98: 75 | O98: EA | P98: 62475 | Q98: USD | R98: 1 | U98: http://lighttree.com/1000567443 | V98: 833 | W98: 991.27
A99: 1000567446 | B99: INBOUND | C99: Interalloy | D99: LightTree | E99: =VLOOKUP(D99,Catalogo!$A$1:$B$10,2) -> LightTree Innovations | F99: Interalloy - Bozeman | G99: LT-1 | I99: 2021-06-16T00:00:00 | J99: 2021-06-23T00:00:00 | K99: 2021-06-27T00:00:00 | L99: 2021-06-23T00:00:00 | M99: 2021-06-27T00:00:00 | N99: 512 | O99: EA | P99: 1536 | Q99: USD | R99: 1 | U99: http://lighttree.com/1000567446 | V99: 3 | W99: 3.57
A100: 1000567448 | B100: INBOUND | C100: Amos | D100: LightTree | E100: =VLOOKUP(D100,Catalogo!$A$1:$B$10,2) -> LightTree Innovations | F100: Amos - Philadelphia | G100: LT-1 | I100: 2021-06-16T00:00:00 | J100: 2021-06-23T00:00:00 | K100: 2021-06-27T00:00:00 | L100: 2021-06-25T00:00:00 | M100: 2021-06-29T00:00:00 | N100: 512 | O100: EA | P100: 28160 | Q100: USD | R100: 1 | U100: http://lighttree.com/1000567448 | V100: 55 | W100: 65.45
A101: 1000567450 | B101: INBOUND | C101: Total Source | D101: LightTree | E101: =VLOOKUP(D101,Catalogo!$A$1:$B$10,2) -> LightTree Innovations | F101: Total Source - Waukesha | G101: LT-1 | I101: 2021-07-15T00:00:00 | J101: 2021-07-22T00:00:00 | K101: 2021-07-26T00:00:00 | L101: 2021-07-22T00:00:00 | N101: 44 | O101: EA | P101: 36652 | Q101: USD | R101: 1 | U101: http://lighttree.com/1000567450 | V101: 833 | W101: 991.27
A102: 1000567460 | B102: INBOUND | C102: Hardy | D102: LightTree | E102: =VLOOKUP(D102,Catalogo!$A$1:$B$10,2) -> LightTree Innovations | F102: Hardy - Salina | G102: LT-1 | I102: 2021-07-15T00:00:00 | J102: 2021-07-22T00:00:00 | K102: 2021-07-26T00:00:00 | L102: 2021-07-24T00:00:00 | N102: 44 | O102: EA | P102: 1056 | Q102: USD | R102: 1 | U102: http://lighttree.com/1000567460 | V102: 24 | W102: 28.56
A103: 1000567462 | B103: INBOUND | C103: Gemini | D103: LightTree | E103: =VLOOKUP(D103,Catalogo!$A$1:$B$10,2) -> LightTree Innovations | F103: Gemini - Dallas | G103: LT-1 | I103: 2021-07-15T00:00:00 | J103: 2021-07-22T00:00:00 | K103: 2021-07-26T00:00:00 | L103: 2021-07-22T00:00:00 | N103: 44 | O103: EA | P103: 5368 | Q103: USD | R103: 1 | U103: http://lighttree.com/1000567462 | V103: 122 | W103: 145.18
A104: 1000567463 | B104: INBOUND | C104: SilverOptics | D104: LightTree | E104: =VLOOKUP(D104,Catalogo!$A$1:$B$10,2) -> LightTree Innovations | F104: SilverOptics - Dover | G104: LT-1 | I104: 2021-06-29T00:00:00 | J104: 2021-07-06T00:00:00 | K104: 2021-07-10T00:00:00 | L104: 2021-07-06T00:00:00 | M104: 2021-07-10T00:00:00 | N104: 75 | O104: EA | P104: 8100 | Q104: USD | R104: 1 | U104: http://lighttree.com/1000567463 | V104: 108 | W104: 128.52
A105: 1000567467 | B105: INBOUND | C105: Hardy | D105: LightTree | E105: =VLOOKUP(D105,Catalogo!$A$1:$B$10,2) -> LightTree Innovations | F105: Hardy - Salina | G105: LT-1 | I105: 2021-06-16T00:00:00 | J105: 2021-06-23T00:00:00 | K105: 2021-06-27T00:00:00 | L105: 2021-06-23T00:00:00 | M105: 2021-06-27T00:00:00 | N105: 512 | O105: EA | P105: 12288 | Q105: USD | R105: 1 | U105: http://lighttree.com/1000567467 | V105: 24 | W105: 28.56
A106: 1000567470 | B106: INBOUND | C106: Interalloy | D106: LightTree | E106: =VLOOKUP(D106,Catalogo!$A$1:$B$10,2) -> LightTree Innovations | F106: Interalloy - Bozeman | G106: LT-1 | I106: 2021-07-08T00:00:00 | J106: 2021-07-15T00:00:00 | K106: 2021-07-19T00:00:00 | L106: 2021-07-15T00:00:00 | M106: 2021-07-19T00:00:00 | N106: 56 | O106: EA | P106: 168 | Q106: USD | R106: 1 | U106: http://lighttree.com/1000567470 | V106: 3 | W106: 3.57
A107: 1000567471 | B107: INBOUND | C107: McGrey | D107: LightTree | E107: =VLOOKUP(D107,Catalogo!$A$1:$B$10,2) -> LightTree Innovations | F107: McGrey - Mt Sterling | G107: LT-1 | I107: 2021-06-16T00:00:00 | J107: 2021-06-23T00:00:00 | K107: 2021-06-27T00:00:00 | L107: 2021-06-26T00:00:00 | M107: 2021-06-30T00:00:00 | N107: 512 | O107: EA | P107: 604160 | Q107: USD | R107: 1 | U107: http://lighttree.com/1000567471 | V107: 1180 | W107: 1404.2
A108: 1000567474 | B108: INBOUND | C108: Interalloy | D108: LightTree | E108: =VLOOKUP(D108,Catalogo!$A$1:$B$10,2) -> LightTree Innovations | F108: Interalloy - Bozeman | G108: LT-1 | I108: 2021-06-29T00:00:00 | J108: 2021-07-06T00:00:00 | K108: 2021-07-10T00:00:00 | L108: 2021-07-06T00:00:00 | M108: 2021-07-10T00:00:00 | N108: 75 | O108: EA | P108: 225 | Q108: USD | R108: 1 | U108: http://lighttree.com/1000567474 | V108: 3 | W108: 3.57
A109: 1000567475 | B109: INBOUND | C109: Ripley | D109: LightTree | E109: =VLOOKUP(D109,Catalogo!$A$1:$B$10,2) -> LightTree Innovations | F109: Ripley - Trenton | G109: LT-1 | I109: 2021-06-29T00:00:00 | J109: 2021-07-06T00:00:00 | K109: 2021-07-10T00:00:00 | L109: 2021-07-06T00:00:00 | M109: 2021-07-10T00:00:00 | N109: 75 | O109: EA | P109: 26250 | Q109: USD | R109: 1 | U109: http://lighttree.com/1000567475 | V109: 350 | W109: 416.5
A110: 1000567479 | B110: INBOUND | C110: SA | D110: LightTree | E110: =VLOOKUP(D110,Catalogo!$A$1:$B$10,2) -> LightTree Innovations | F110: SA - Loretto | G110: LT-1 | I110: 2021-07-08T00:00:00 | J110: 2021-07-15T00:00:00 | K110: 2021-07-19T00:00:00 | L110: 2021-07-15T00:00:00 | M110: 2021-07-19T00:00:00 | N110: 56 | O110: EA | P110: 19600 | Q110: USD | R110: 1 | U110: http://lighttree.com/1000567479 | V110: 350 | W110: 416.5
A111: 1000567482 | B111: INBOUND | C111: Hardy | D111: LightTree | E111: =VLOOKUP(D111,Catalogo!$A$1:$B$10,2) -> LightTree Innovations | F111: Hardy - Salina | G111: LT-1 | I111: 2021-07-08T00:00:00 | J111: 2021-07-15T00:00:00 | K111: 2021-07-19T00:00:00 | L111: 2021-07-16T00:00:00 | M111: 2021-07-18T00:00:00 | N111: 56 | O111: EA | P111: 1344 | Q111: USD | R111: 1 | U111: http://lighttree.com/1000567482 | V111: 24 | W111: 28.56
A112: 1000567486 | B112: INBOUND | C112: McGrey | D112: LightTree | E112: =VLOOKUP(D112,Catalogo!$A$1:$B$10,2) -> LightTree Innovations | F112: McGrey - Mt Sterling | G112: LT-1 | I112: 2021-07-15T00:00:00 | J112: 2021-07-22T00:00:00 | K112: 2021-07-26T00:00:00 | L112: 2021-07-22T00:00:00 | N112: 44 | O112: EA | P112: 56760 | Q112: USD | R112: 1 | U112: http://lighttree.com/1000567486 | V112: 1290 | W112: 1535.1
A113: 1000567494 | B113: INBOUND | C113: Ripley | D113: LightTree | E113: =VLOOKUP(D113,Catalogo!$A$1:$B$10,2) -> LightTree Innovations | F113: Ripley - Trenton | G113: LT-1 | I113: 2021-06-16T00:00:00 | J113: 2021-06-23T00:00:00 | K113: 2021-06-27T00:00:00 | L113: 2021-06-23T00:00:00 | M113: 2021-06-27T00:00:00 | N113: 124 | O113: EA | P113: 43400 | Q113: USD | R113: 1 | U113: http://lighttree.com/1000567494 | V113: 350 | W113: 416.5
A114: 1000567497 | B114: INBOUND | C114: Interalloy | D114: LightTree | E114: =VLOOKUP(D114,Catalogo!$A$1:$B$10,2) -> LightTree Innovations | F114: Interalloy - Bozeman | G114: LT-1 | I114: 2021-07-15T00:00:00 | J114: 2021-07-22T00:00:00 | K114: 2021-07-26T00:00:00 | L114: 2021-07-21T00:00:00 | N114: 44 | O114: EA | P114: 132 | Q114: USD | R114: 1 | U114: http://lighttree.com/1000567497 | V114: 3 | W114: 3.57
A115: 1000567500 | B115: INBOUND | C115: McGrey | D115: LightTree | E115: =VLOOKUP(D115,Catalogo!$A$1:$B$10,2) -> LightTree Innovations | F115: McGrey - Mt Sterling | G115: LT-1 | I115: 2021-07-08T00:00:00 | J115: 2021-07-15T00:00:00 | K115: 2021-07-19T00:00:00 | L115: 2021-07-15T00:00:00 | M115: 2021-07-19T00:00:00 | N115: 56 | O115: EA | P115: 66080 | Q115: USD | R115: 1 | U115: http://lighttree.com/1000567500 | V115: 1180 | W115: 1404.2
A116: 1000066000 | B116: INBOUND | C116: Total Source | D116: LightTree | E116: =VLOOKUP(D116,Catalogo!$A$1:$B$10,2) -> LightTree Innovations | F116: Total Source - Waukesha | G116: LT-2 | I116: 2021-07-01T00:00:00 | J116: 2021-08-04T00:00:00 | K116: 2021-08-07T00:00:00 | L116: 2021-08-04T00:00:00 | M116: 2021-08-07T00:00:00 | N116: 1400 | O116: EA | P116: 226800 | Q116: USD | R116: 4 | U116: http://lighttree.com/100055000 | V116: 162 | W116: 192.78
A117: 1000066001 | B117: INBOUND | C117: Total Source | D117: LightTree | E117: =VLOOKUP(D117,Catalogo!$A$1:$B$10,2) -> LightTree Innovations | F117: Total Source - Waukesha | G117: LT-2 | I117: 2021-07-01T00:00:00 | J117: 2021-08-14T00:00:00 | K117: 2021-08-17T00:00:00 | L117: 2021-08-14T00:00:00 | M117: 2021-08-17T00:00:00 | N117: 1400 | O117: EA | P117: 226800 | Q117: USD | R117: 4 | U117: http://lighttree.com/100055001 | V117: 162 | W117: 192.78
A118: 1000066002 | B118: INBOUND | C118: Total Source | D118: LightTree | E118: =VLOOKUP(D118,Catalogo!$A$1:$B$10,2) -> LightTree Innovations | F118: Total Source - Waukesha | G118: LT-2 | I118: 2021-07-01T00:00:00 | J118: 2021-08-24T00:00:00 | K118: 2021-08-27T00:00:00 | L118: 2021-08-24T00:00:00 | M118: 2021-08-27T00:00:00 | N118: 1400 | O118: EA | P118: 226800 | Q118: USD | R118: 4 | U118: http://lighttree.com/100055002 | V118: 162 | W118: 192.78
A119: 1000066003 | B119: INBOUND | C119: Total Source | D119: LightTree | E119: =VLOOKUP(D119,Catalogo!$A$1:$B$10,2) -> LightTree Innovations | F119: Total Source - Waukesha | G119: LT-2 | I119: 2021-07-01T00:00:00 | J119: 2021-09-03T00:00:00 | K119: 2021-09-06T00:00:00 | L119: 2021-09-04T00:00:00 | M119: 2021-09-07T00:00:00 | N119: 1400 | O119: EA | P119: 226800 | Q119: USD | R119: 4 | U119: http://lighttree.com/100055003 | V119: 162 | W119: 192.78
A120: 1000066004 | B120: INBOUND | C120: Total Source | D120: LightTree | E120: =VLOOKUP(D120,Catalogo!$A$1:$B$10,2) -> LightTree Innovations | F120: Total Source - Waukesha | G120: LT-2 | I120: 2021-07-01T00:00:00 | J120: 2021-09-13T00:00:00 | K120: 2021-09-16T00:00:00 | L120: 2021-09-09T00:00:00 | M120: 2021-09-12T00:00:00 | N120: 1400 | O120: EA | P120: 226800 | Q120: USD | R120: 4 | U120: http://lighttree.com/100055004 | V120: 162 | W120: 192.78
A121: 1000066005 | B121: INBOUND | C121: Total Source | D121: LightTree | E121: =VLOOKUP(D121,Catalogo!$A$1:$B$10,2) -> LightTree Innovations | F121: Total Source - Waukesha | G121: LT-2 | I121: 2021-07-01T00:00:00 | J121: 2021-09-23T00:00:00 | K121: 2021-09-26T00:00:00 | L121: 2021-09-23T00:00:00 | M121: 2021-09-26T00:00:00 | N121: 1400 | O121: EA | P121: 226800 | Q121: USD | R121: 4 | U121: http://lighttree.com/100055005 | V121: 162 | W121: 192.78
...

Sheet Catalogo
A1: buyer.organizationIdentifier | B1: publicName | C1: creationDate
A2: AHTD | B2: Apex Highway Technologies Division | C2: =TODAY() -> 46118
A3: CALTRAN | B3: CalTranscend Systems | C3: =C2-451 -> 45667
A4: COLA | B4: Core Logistics Alliance | C4: =C3-53 -> 45614
A5: FAA | B5: Flight Axis Authority | C5: =C4+96 -> 45710
A6: KYTC | B6: Kinetic Transit Core | C6: =C5-451 -> 45259
A7: LightTree | B7: LightTree Innovations | C7: =C6-53 -> 45206
A8: MAHD | B8: Meridian Advanced Highway Division | C8: =C7+96 -> 45302
A9: NYDOT | B9: New York Digital Operations Transit | C9: =C8-451 -> 44851
A10: CAT | B10: Gatos asociados SA | C10: =C9-95 -> 44756
A11: AHTD | B11: Apex Highway Technologies Division | C11: =C10-95 -> 44661
